18700;OSLO - BLINDERN;Jan/31;;94;59,9423;10,72;Oslo;Oslo;SOUTHEASTERN NORWAY
St.no;Date;Mean temperature;Minimum temperature;Maximum temperature;Precipitation;Snow depth;Snow cover;Precipitation type;
18700;0,065659722;1;-1,5;4,7;5,6;5;3; ;
18700;0,107326389;-2,7;-3,6;-0,8;.;5;3; ;
18700;0,148993056;-0,8;-4,6;-0,1;3,5;10;4; ;
18700;0,190659722;1,9;-2;5,5;.;10;4; ;
18700;0,232326389;0,3;-1,3;2;.;0;4; ;
18700;0,273993056;0;-1,4;1,9;.;7;4; ;
18700;0,315659722;0,1;-0,6;0,8;.;7;4; ;
18700;0,357326389;-0,8;-2,2;1,2;0,1;6;3; ;
18700;0,398993056;-1,5;-2,8;0,5;1,3;6;4; ;
18700;0,440659722;-0,7;-2,3;1;.;6;4; ;
18700;0,482326389;-4,4;-5,4;-0,3;0;6;0; ;
18700;0,523993056;-9,3;-10,5;-4,7;0;6;4; ;
18700;0,565659722;-13,6;-15,4;-10;.;6;4; ;
18700;0,607326389;-12,4;-16,1;-9,7;.;6;4; ;
18700;0,648993056;-8,9;-10,9;-7,1;0,1;5;4; ;
18700;0,690659722;-8,7;-11,4;-6,7;0,1;5;4; ;
18700;0,732326389;-6,1;-8,4;-4,9;0,1;7;4; ;
18700;0,773993056;-8,7;-9,8;-5,9;0,4;8;4; ;
18700;0,815659722;-13,1;-17,2;-9,5;0;8;4; ;
18700;0,857326389;-4,8;-12,1;-1,2;.;8;4; ;
18700;0,898993056;-7,1;-7,5;-3,6;.;7;4; ;
18700;0,940659722;-13;-15,2;-7,3;0;7;4; ;
18700;0,982326389;-13,3;-16,5;-8,1;.;7;4; ;
18700;24.01.2013;-9;-14;-3,5;.;7;4; ;
18700;25.01.2013;-11,8;-14;-9,9;.;7;4; ;
18700;26.01.2013;-4,7;-11,6;-2,6;3,6;8;4; ;
18700;27.01.2013;-3,7;-4,6;-3,4;5,3;16;4; ;
18700;28.01.2013;0,2;-3,6;1,6;8,1;24;4; ;
18700;29.01.2013;1;0,2;2;2,4;20;4; ;
18700;30.01.2013;2;0,2;4,6;11;20;4; ;
18700;31.01.2013;1,2;-1,6;5,4;0;19;4; ;
18700;0,066354167;-5,8;-8,2;-0,4;.;17;4; ;
18700;0,108020833;-6,6;-11;-2,6;.;17;4; ;
18700;0,1496875;-4,3;-7,1;-2,1;.;17;4; ;
18700;0,191354167;-2;-2,9;0,2;0,3;17;4; ;
18700;0,233020833;-3,7;-6,3;-1,3;8;28;4; ;
18700;0,2746875;-0,4;-1,6;0,3;0,1;28;4; ;
18700;0,316354167;-3;-4,1;-0,3;0,1;27;4; ;
18700;0,358020833;-4,9;-5,9;-2,6;0,1;26;4; ;
18700;0,3996875;-7,7;-12,4;-2,6;.;24;4; ;
18700;0,441354167;-6,1;-6,9;-4,6;1;26;4; ;
18700;0,483020833;-7,6;-12,5;-3,8;0;26;4; ;
18700;0,5246875;-4,2;-6,2;-2,5;0,1;26;4; ;
18700;0,566354167;-4;-4,9;-3;0;24;4; ;
18700;0,608020833;-2,4;-3,9;-1,1;0,1;24;4; ;
18700;0,6496875;-2;-2,9;-1,3;0;24;4; ;
18700;0,691354167;-0,7;-2;0,4;0,4;24;4; ;
18700;0,733020833;0;-0,7;0,9;1,4;26;4; ;
18700;0,7746875;0,3;-1,4;1,4;2,3;26;4; ;
18700;0,816354167;-2,6;-5,4;1,2;4;26;4; ;
18700;0,858020833;-5,3;-7,6;-1;.;26;4; ;
18700;0,8996875;-8,9;-13,2;-3,7;.;26;4; ;
18700;0,941354167;-3,5;-10,9;1;.;26;3; ;
18700;0,983020833;1,4;-1,2;4,1;0,2;25;4; ;
18700;24.02.2013;1,7;-2,5;7,2;.;25;4; ;
18700;25.02.2013;0,1;-3,6;5,4;.;25;4; ;
18700;26.02.2013;-2,9;-7,3;3,1;.;25;4; ;
18700;27.02.2013;-3,1;-6,4;1,8;.;25;4; ;
18700;28.02.2013;-0,7;-5,5;7,9;0;25;4; ;
18700;0,067048611;3,1;-2,4;8,4;0;25;4; ;
18700;0,108715278;2,9;-1,5;10,1;.;24;4; ;
18700;0,150381944;2,8;0,3;7,4;.;23;4; ;
18700;0,192048611;0,8;-1,9;5,6;.;23;4; ;
18700;0,233715278;-0,4;-3,5;2,3;.;22;4; ;
18700;0,275381944;1,4;-2,6;8,1;.;22;4; ;
18700;0,317048611;-1;-5,4;2,7;.;22;4; ;
18700;0,358715278;-2,6;-8,6;3,6;.;22;4; ;
18700;0,400381944;-4,1;-5,2;-1,5;.;22;4; ;
18700;0,442048611;-7;-9,7;-3,6;0,1;22;4; ;
18700;0,483715278;-4,5;-12,3;2,8;.;22;4; ;
18700;0,525381944;-2;-7,4;4,7;.;22;4; ;
18700;0,567048611;-6,3;-8;0,7;0;22;4; ;
18700;0,608715278;-7,5;-14,2;0,4;0;22;4; ;
18700;0,650381944;-6,4;-12,5;-2,4;.;22;4; ;
18700;0,692048611;-1,8;-3,7;0,1;6,9;32;4; ;
18700;0,733715278;-1,4;-2,9;1,6;1,2;31;4; ;
18700;0,775381944;-2,9;-5,7;0,3;0,4;30;4; ;
18700;0,817048611;-6,7;-9,8;-2,2;0;29;4; ;
18700;0,858715278;-5,1;-7,4;-2,8;0;29;4; ;
18700;0,900381944;-3,3;-5,7;0,6;0,1;29;4; ;
18700;0,942048611;-5,8;-8,8;-2;.;28;4; ;
18700;0,983715278;-4,3;-11,8;2,2;.;28;4; ;
18700;24.03.2013;-0,8;-7,2;4,7;.;28;4; ;
18700;25.03.2013;-0,2;-3;4,3;.;26;4; ;
18700;26.03.2013;-0,2;-5,1;6;.;25;4; ;
18700;27.03.2013;-1,1;-7,9;5,6;.;24;3; ;
18700;28.03.2013;-2,3;-8,1;4,4;.;22;4; ;
18700;29.03.2013;-0,1;-6,9;4,9;.;22;4; ;
18700;30.03.2013;0,3;-3,7;5,2;.;21;4; ;
18700;31.03.2013;0;-6,9;6,7;.;20;4; ;
18700;0,067743056;2;-4,4;7;.;20;4; ;
18700;0,109409722;2,1;-3,1;7;.;14;3; ;
18700;0,151076389;2,4;-3,9;8,2;.;12;3; ;
18700;0,192743056;3,8;-3,9;10,3;.;9;3; ;
18700;0,234409722;3,5;1;8,5;.;8;3; ;
18700;0,276076389;0,7;-4,1;6,2;.;8;3; ;
18700;0,317743056;1,4;-3,6;6,2;0;0;1; ;
18700;0,359409722;1,2;-3,9;6,3;.;0;1; ;
18700;0,401076389;1,2;-4,9;6,7;.;0;1; ;
18700;0,442743056;1;-3,8;5;.;0;1; ;
18700;0,484409722;0,5;-1,4;2,9;.;0;1; ;
18700;0,526076389;2,4;0,3;5,5;0,2;0;3; ;
18700;0,567743056;3,7;1,6;6,7;0,3;0;1; ;
18700;0,609409722;2,7;-1,4;5,8;0;0;1; ;
18700;0,651076389;5,7;5;6,7;8,4;0;1; ;
18700;0,692743056;5;3,9;6,3;2,5;0;0; ;
18700;0,734409722;8,1;4,3;14,5;5,3;0;1; ;
18700;0,776076389;6,6;4,7;10,2;5,5;0;1; ;
18700;0,817743056;5,7;4,7;9,1;5,8;0;0; ;
18700;0,859409722;5;-1,2;11,6;1,6;0;0; ;
18700;0,901076389;4,5;-0,8;12,1;.;0;0; ;
18700;0,942743056;5,4;0;10,4;.;0;0; ;
18700;0,984409722;8,6;4,1;14,6;0;0;0; ;
18700;24.04.2013;7,7;2;12,1;0;0;0; ;
18700;25.04.2013;7,6;0,6;14;.;0;0; ;
18700;26.04.2013;6,7;2,2;11,6;1,4;0;0; ;
18700;27.04.2013;7,2;2,8;13,1;0,4;0;0; ;
18700;28.04.2013;4,4;-1,1;10,1;.;0;0; ;
18700;29.04.2013;5,5;3,1;9;6,6;0;0; ;
18700;30.04.2013;8,1;2,5;14;2,6;0;0; ;
18700;0,0684375;5,6;0,2;10,2;.;0;0; ;
18700;0,110104167;6,9;1,7;12,1;.;0;0; ;
18700;0,151770833;5,2;0,1;8,9;.;0;0; ;
18700;0,1934375;6;1,6;8,5;0,9;0;0; ;
18700;0,235104167;9,6;0,7;17;9,9;0;0; ;
18700;0,276770833;10,5;3,7;18,9;.;0;0; ;
18700;0,3184375;13,4;8,2;21,1;0,7;0;0; ;
18700;0,360104167;13;5,8;21,3;.;0;0; ;
18700;0,401770833;11,2;10,4;13,1;10,4;0;0; ;
18700;0,4434375;8,9;6,6;12,5;3,8;0;0; ;
18700;0,485104167;9,8;7,5;13,2;0,9;0;0; ;
18700;0,526770833;8,9;7,8;10,2;3;0;0; ;
18700;0,5684375;7,6;7,1;10;2,3;0;0; ;
18700;0,610104167;7,7;4,1;11,7;3,9;0;0; ;
18700;0,651770833;8,9;3,6;12,2;1,3;0;0; ;
18700;0,6934375;16,2;11,4;21,7;0,2;0;0; ;
18700;0,735104167;17,5;13,5;22,5;.;0;0; ;
18700;0,776770833;20,8;16,4;26,8;0,3;0;0; ;
18700;0,8184375;20,8;16;25,4;.;0;0; ;
18700;0,860104167;16,3;15,4;23,4;1,9;0;0; ;
18700;0,901770833;15,1;13,5;18;0,1;0;0; ;
18700;0,9434375;13,5;12,2;17;15,6;0;0; ;
18700;0,985104167;10,1;7,4;13,2;19,7;0;0; ;
18700;24.05.2013;12,3;2,1;19,2;4,5;0;0; ;
18700;25.05.2013;17,4;12,9;22,1;0;0;0; ;
18700;26.05.2013;19,1;12,6;24,2;.;0;0; ;
18700;27.05.2013;14,4;12,4;22,5;0,5;0;0; ;
18700;28.05.2013;15,5;11,4;22,7;5,3;0;0; ;
18700;29.05.2013;17,6;15,2;21,5;2,9;0;0; ;
18700;30.05.2013;17;13,3;22,3;1,2;0;0; ;
18700;31.05.2013;19,7;15,6;25,9;0,1;0;0; ;
18700;0,069131944;18,3;12,4;25,1;0,6;0;0; ;
18700;0,110798611;16,3;14,3;20,9;3,5;0;0; ;
18700;0,152465278;14,1;10;18,4;18,4;0;0; ;
18700;0,194131944;11,9;6,6;17,4;.;0;0; ;
18700;0,235798611;11,4;7,7;16,7;1,9;0;0; ;
18700;0,277465278;12,1;8;16,5;3,4;0;0; ;
18700;0,319131944;14,6;7;21,9;0;0;0; ;
18700;0,360798611;15,6;8,2;22;.;0;0; ;
18700;0,402465278;14,3;11,2;19,3;.;0;0; ;
18700;0,444131944;15,5;9;20,8;2,9;0;0; ;
18700;0,485798611;15,5;10,6;21,7;0,1;0;0; ;
18700;0,527465278;12,8;11,1;17,4;.;0;0; ;
18700;0,569131944;13,7;11,1;15,4;13,9;0;0; ;
18700;0,610798611;15,7;11,9;21,2;3,8;0;0; ;
18700;0,652465278;14,3;7,1;18,9;.;0;0; ;
18700;0,694131944;13,1;10;17,3;6,2;0;0; ;
18700;0,735798611;16,6;7,9;23,2;0;0;0; ;
18700;0,777465278;16,7;10,4;22,9;0;0;0; ;
18700;0,819131944;15,9;12,4;22,5;.;0;0; ;
18700;0,860798611;17,8;13,5;23,8;3,1;0;0; ;
18700;0,902465278;17,7;12;22,5;.;0;0; ;
18700;0,944131944;15,5;15,2;19,1;17,7;0;0; ;
18700;0,985798611;14,9;12,7;18,6;3,5;0;0; ;
18700;24.06.2013;15;12,6;19,8;3;0;0; ;
18700;25.06.2013;17,1;12;22,9;2,2;0;0; ;
18700;26.06.2013;14;12,3;18,9;.;0;0; ;
18700;27.06.2013;14,7;12,1;17,2;22,8;0;0; ;
18700;28.06.2013;14,9;13,4;18,7;5;0;0; ;
18700;29.06.2013;13;11,1;17,5;0,2;0;0; ;
18700;30.06.2013;15,6;11,9;21;14,5;0;0; ;
18700;0,069826389;15,5;11,5;20,9;0;0;0; ;
18700;0,111493056;14,3;12,1;19,8;0;0;0; ;
18700;0,153159722;14,3;9,9;18,5;1;0;0; ;
18700;0,194826389;14,6;12,6;17;7,8;0;0; ;
18700;0,236493056;17,8;14,1;23,6;1,9;0;0; ;
18700;0,278159722;18;11;24;0;0;0; ;
18700;0,319826389;19,5;11,5;26,1;.;0;0; ;
18700;0,361493056;17,8;14;24,3;.;0;0; ;
18700;0,403159722;17,8;11,4;23,2;.;0;0; ;
18700;0,444826389;17,4;12,3;22,6;0,1;0;0; ;
18700;0,486493056;17,7;9,5;24,1;.;0;0; ;
18700;0,528159722;20,1;14,1;25,6;.;0;0; ;
18700;0,569826389;17,9;12,4;22,8;.;0;0; ;
18700;0,611493056;17,3;13;22,4;0,1;0;0; ;
18700;0,653159722;17,3;11,8;23,1;0,1;0;0; ;
18700;0,694826389;17,3;13;22,4;.;0;0; ;
18700;0,736493056;21;15,6;26,7;0;0;0; ;
18700;0,778159722;21,1;15,4;26,3;0;0;0; ;
18700;0,819826389;19,9;14,7;24,8;.;0;0; ;
18700;0,861493056;21,2;12,1;29;.;0;0; ;
18700;0,903159722;22,1;14,7;28,8;.;0;0; ;
18700;0,944826389;18,9;14,5;26,1;.;0;0; ;
18700;0,986493056;19,6;13,3;26;.;0;0; ;
18700;24.07.2013;20,5;14,4;27,6;.;0;0; ;
18700;25.07.2013;22,2;16,5;28,4;0;0;0; ;
18700;26.07.2013;21,1;15;27,6;0,1;0;0; ;
18700;27.07.2013;19,4;16,5;24,9;.;0;0; ;
18700;28.07.2013;19,1;15,3;21,9;1,5;0;0; ;
18700;29.07.2013;19,4;14,5;25,6;0,5;0;0; ;
18700;30.07.2013;16,1;13,7;20,5;.;0;0; ;
18700;31.07.2013;15,5;11,6;22,7;6,2;0;0; ;
18700;0,070520833;17,7;9,3;24,3;8;0;0; ;
18700;0,1121875;18,8;14,2;23,3;.;0;0; ;
18700;0,153854167;18,6;16,1;20,5;0,6;0;0; ;
18700;0,195520833;16,9;12,9;23,8;17,6;0;0; ;
18700;0,2371875;17,5;11,9;23;9,4;0;0; ;
18700;0,278854167;17;14,9;20,4;5,9;0;0; ;
18700;0,320520833;19,5;14,6;25,8;6,2;0;0; ;
18700;0,3621875;15,2;14,2;22,1;2;0;0; ;
18700;0,403854167;17;10,5;23,2;12,8;0;0; ;
18700;0,445520833;16;12,6;21,7;.;0;0; ;
18700;0,4871875;16,4;12,5;22,9;0;0;0; ;
18700;0,528854167;14;12,1;21;0,1;0;0; ;
18700;0,570520833;14,3;9,3;20,2;21,6;0;0; ;
18700;0,6121875;14,9;11,5;19,4;0,1;0;0; ;
18700;0,653854167;15,6;10,9;21,3;1,8;0;0; ;
18700;0,695520833;16;14,1;18,2;0,5;0;0; ;
18700;0,7371875;17,5;14,5;22,3;17,9;0;0; ;
18700;0,778854167;15,3;13,8;18,8;2,6;0;0; ;
18700;0,820520833;15,3;9,3;21,6;13,4;0;0; ;
18700;0,8621875;15,2;7,5;22,9;.;0;0; ;
18700;0,903854167;14,9;8,6;21,1;.;0;0; ;
18700;0,945520833;15,7;9,4;22,2;0;0;0; ;
18700;0,9871875;16,8;11,6;23,4;.;0;0; ;
18700;24.08.2013;16,8;10,1;24;.;0;0; ;
18700;25.08.2013;16,7;11,2;23,2;.;0;0; ;
18700;26.08.2013;15,7;8,6;22,7;.;0;0; ;
18700;27.08.2013;15,8;10,1;22,7;.;0;0; ;
18700;28.08.2013;16,8;11;23,7;.;0;0; ;
18700;29.08.2013;16,3;13,5;20,5;.;0;0; ;
18700;30.08.2013;15,5;13,9;18,8;0;0;0; ;
18700;31.08.2013;14,7;13,2;20,2;0,7;0;0; ;
18700;0,071215278;12,1;5,7;17,7;3;0;0; ;
18700;0,112881944;14,2;9,4;20,1;0,1;0;0; ;
18700;0,154548611;16,1;9,4;22,8;.;0;0; ;
18700;0,196215278;16,1;14;20,6;.;0;0; ;
18700;0,237881944;16,3;14,1;20,7;.;0;0; ;
18700;0,279548611;16,5;14,2;21,3;0,6;0;0; ;
18700;0,321215278;17;12;23,2;.;0;0; ;
18700;0,362881944;17,1;11,3;23,3;.;0;0; ;
18700;0,404548611;16,5;12,8;21;.;0;0; ;
18700;0,446215278;15,2;13,2;18,2;.;0;0; ;
18700;0,487881944;14,9;12,5;17,7;2;0;0; ;
18700;0,529548611;14,2;9,6;20,3;0;0;0; ;
18700;0,571215278;13,4;8,4;20,3;.;0;0; ;
18700;0,612881944;14,6;10,1;17,7;.;0;0; ;
18700;0,654548611;13,7;13,6;15,6;10,4;0;0; ;
18700;0,696215278;10,4;9,2;13,7;3,7;0;0; ;
18700;0,737881944;10,1;7,4;13,4;15;0;0; ;
18700;0,779548611;10,6;8,3;14,9;2,5;0;0; ;
18700;0,821215278;10,2;6,6;15,7;2;0;0; ;
18700;0,862881944;8,9;4,2;14,6;.;0;0; ;
18700;0,904548611;11,2;6,7;17,1;.;0;0; ;
18700;0,946215278;11,8;9,8;15,9;.;0;0; ;
18700;0,987881944;12;8,3;17;.;0;0; ;
18700;24.09.2013;8,3;3,6;14;.;0;0; ;
18700;25.09.2013;5,2;3,8;8,5;.;0;0; ;
18700;26.09.2013;4,5;1,5;10,6;0,9;0;0; ;
18700;27.09.2013;7,3;0,5;13,5;0,7;0;0; ;
18700;28.09.2013;7,6;3,9;11,1;.;0;0; ;
18700;29.09.2013;7,2;4,3;11,6;.;0;0; ;
18700;30.09.2013;7;2,9;13,4;.;0;0; ;
18700;0,071909722;6,1;2,7;11,9;.;0;0; ;
18700;0,113576389;6,5;1,1;10,5;.;0;0; ;
18700;0,155243056;8,1;4,8;10,2;.;0;0; ;
18700;0,196909722;7,5;5,4;9,4;0;0;0; ;
18700;0,238576389;9,9;7,2;15,7;14,6;0;0; ;
18700;0,280243056;8,9;3,7;14,6;9,2;0;0; ;
18700;0,321909722;12,6;9,7;16;.;0;0; ;
18700;0,363576389;14;12,5;19,1;3;0;0; ;
18700;0,405243056;12,1;9,4;17,4;0,1;0;0; ;
18700;0,446909722;6,9;5;11,6;14,5;0;0; ;
18700;0,488576389;6,3;1,2;12,1;3,8;0;0; ;
18700;0,530243056;7,5;2,4;15,2;.;0;0; ;
18700;0,571909722;9;2,8;15,4;.;0;0; ;
18700;0,613576389;7,3;5,2;11,4;.;0;0; ;
18700;0,655243056;5,3;4,1;7,7;.;0;0; ;
18700;0,696909722;6,5;2,7;7,3;0;0;0; ;
18700;0,738576389;6,2;4,8;7,6;0;0;0; ;
18700;0,780243056;3;-1,3;9,1;0,1;0;0; ;
18700;0,821909722;1,9;-1,5;5,7;.;0;0; ;
18700;0,863576389;2,6;1,3;4;.;0;0; ;
18700;0,905243056;2,5;1,2;3,7;0;0;0; ;
18700;0,946909722;5,3;1,4;6,7;5;0;0; ;
18700;0,988576389;12,5;6,7;12,8;20,5;0;0; ;
18700;24.10.2013;9,1;7,4;13,1;1,7;0;0; ;
18700;25.10.2013;7,1;2,9;11,2;.;0;0; ;
18700;26.10.2013;9,1;6,3;13;3;0;0; ;
18700;27.10.2013;10,5;9,6;12;2,3;0;0; ;
18700;28.10.2013;8,7;7,2;12,5;12,5;0;0; ;
18700;29.10.2013;7,1;4,8;11,4;0,1;0;0; ;
18700;30.10.2013;5,4;2,6;10,1;0;0;0; ;
18700;31.10.2013;6,4;1;11,4;1,3;0;0; ;
18700;0,072604167;5,7;2,6;10,1;2,7;0;0; ;
18700;0,114270833;4;1,4;9;0;0;0; ;
18700;0,1559375;6,3;2,2;8,2;0,6;0;0; ;
18700;0,197604167;6,3;5,8;7,9;11,2;0;0; ;
18700;0,239270833;3,4;2,7;6,2;.;0;0; ;
18700;0,2809375;1;-1,7;2,8;.;0;0; ;
18700;0,322604167;1,8;0,5;2,9;.;0;0; ;
18700;0,364270833;3;-0,3;7;1,8;0;0; ;
18700;0,4059375;3,9;1,5;5,6;0;0;0; ;
18700;0,447604167;3;2,5;5,6;3,6;0;0; ;
18700;0,489270833;1,2;-2,9;3,3;.;0;0; ;
18700;0,5309375;6,7;3,3;10;0,3;0;0; ;
18700;0,572604167;2,6;-0,1;7,9;.;0;0; ;
18700;0,614270833;4,1;0,3;6,6;.;0;0; ;
18700;0,6559375;3,9;1,9;6,3;2,6;0;0; ;
18700;0,697604167;11;5,3;13,2;2;0;0; ;
18700;0,739270833;4,7;1,8;11,2;.;0;0; ;
18700;0,7809375;3,3;-2,7;6,4;.;0;0; ;
18700;0,822604167;2,2;-0,6;6,2;27,3;0;0; ;
18700;0,864270833;-2,1;-4,5;0,7;.;0;0; ;
18700;0,9059375;-2,3;-3,7;0;.;0;0; ;
18700;0,947604167;-5;-7,5;-1,1;.;0;0; ;
18700;0,989270833;-4,2;-6;-3,3;.;0;0; ;
18700;24.11.2013;-1,6;-6,1;2,2;.;0;0; ;
18700;25.11.2013;-0,8;-3,2;2,1;.;0;0; ;
18700;26.11.2013;-2,7;-6;-1;.;0;0; ;
18700;27.11.2013;5,7;-1;13,7;0;0;0; ;
18700;28.11.2013;6;4,4;10,3;.;0;0; ;
18700;29.11.2013;1,3;-0,4;6,5;.;0;0; ;
18700;30.11.2013;-0,8;-2,6;1,7;0;0;0; ;
18700;0,073298611;3,7;-1,2;8,3;.;0;0; ;
18700;0,114965278;-0,5;-3;1,9;.;0;0; ;
18700;0,156631944;2,5;0,1;5;.;0;0; ;
18700;0,198298611;0,8;-2,7;5,6;.;0;0; ;
18700;0,239965278;2;-1,9;6,4;.;0;0; ;
18700;0,281631944;-0,2;-1,1;1,7;1,4;0;0; ;
18700;0,323298611;-4,4;-6,9;0,6;.;0;0; ;
18700;0,364965278;-4,6;-8,9;-2,9;1;1;1; ;
18700;0,406631944;-3;-3,8;-2,6;7,2;9;4; ;
18700;0,448298611;0,4;-2,6;1,1;4,6;12;4; ;
18700;0,489965278;-1;-1,6;0,7;0,3;10;4; ;
18700;0,531631944;2,1;-1,5;4,2;0,1;10;4; ;
18700;0,573298611;0;-2,5;4,4;.;0;0; ;
18700;0,614965278;0,5;-0,7;1,5;7;15;4; ;
18700;0,656631944;2,8;0,2;5,2;11,2;10;4; ;
18700;0,698298611;6,6;1,4;8,7;7,5;7;4; ;
18700;0,739965278;1,8;-0,4;6,9;1,7;0;0; ;
18700;0,781631944;0,6;-2,5;3,4;.;0;0; ;
18700;0,823298611;4,4;2,4;5,5;3,4;0;0; ;
18700;0,864965278;2,2;0,5;5,3;3,2;0;0; ;
18700;0,906631944;5,3;0,3;8,3;8;0;0; ;
18700;0,948298611;5,6;4,1;7,4;4,4;0;0; ;
18700;0,989965278;2,3;0,5;4,4;0;0;0; ;
18700;24.12.2013;6;1,5;8;8,5;0;0; ;
18700;25.12.2013;5;3,8;7,3;13,3;0;0; ;
18700;26.12.2013;4;1,7;5,9;3,5;0;0; ;
18700;27.12.2013;3,5;0,8;3,8;1,6;0;0; ;
18700;28.12.2013;6,3;2,1;7,1;13;0;0; ;
18700;29.12.2013;3,1;-0,3;6,5;0;0;0; ;
18700;30.12.2013;0,1;-3,2;3,4;0;0;0; ;
18700;31.12.2013;5,4;3,3;7,7;6,6;0;0; ;
18700;0,065671296;3,4;2;5,1;0;0;0; ;
18700;0,107337963;2,7;1,6;3,5;2,5;0;0; ;
18700;0,14900463;4,2;2,2;5,7;10,2;0;0; ;
18700;0,190671296;4,8;3,2;6;13,9;0;0; ;
18700;0,232337963;3,7;2,7;5,7;0,5;0;0; ;
18700;0,27400463;2,6;0,4;4;1,7;0;0; ;
18700;0,315671296;6,6;1,8;7,4;7,3;0;0; ;
18700;0,357337963;4,9;3,8;6,3;0,3;0;0; ;
18700;0,39900463;1,4;0,7;3,9;0,8;0;0; ;
18700;0,440671296;0,3;-0,7;1,8;0;0;0; ;
18700;0,482337963;-3,2;-5,1;0,2;1,4;2;4; ;
18700;0,52400463;-8,6;-11,4;-5,1;0,9;3;4; ;
18700;0,565671296;-10,8;-13,5;-9,9;0;3;4; ;
18700;0,607337963;-6,5;-10;-5,8;3,4;6;4; ;
18700;0,64900463;-5,6;-5,9;-5,3;0,4;6;4; ;
18700;0,690671296;-4,5;-5,9;-3,5;4,4;9;4; ;
18700;0,732337963;-5,8;-7,2;-4,2;3,8;13;4; ;
18700;0,77400463;-6;-7,5;-5,4;3,8;17;4; ;
18700;0,815671296;-4,8;-5,8;-4;0,2;15;4; ;
18700;0,857337963;-4,8;-5,5;-4,1;0;14;4; ;
18700;0,89900463;-5,7;-6,6;-4,9;0;13;4; ;
18700;0,940671296;-7,8;-9,6;-6,6;0;13;4; ;
18700;0,982337963;-7,1;-8,2;-5,9;0,3;14;4; ;
18700;24.01.2014;-6,4;-8,5;-5,5;0,4;15;4; ;
18700;25.01.2014;-5,3;-7;-4,2;0,2;15;4; ;
18700;26.01.2014;-6,1;-6,9;-4,3;0;13;4; ;
18700;27.01.2014;-3,4;-6,8;-2,1;2,7;22;4; ;
18700;28.01.2014;-1,3;-2,6;-0,7;6,5;27;4; ;
18700;29.01.2014;-3,2;-4,2;-0,7;2,1;27;4; ;
18700;30.01.2014;-5,3;-6,7;-4,2;2,5;31;4; ;
18700;31.01.2014;-4;-4,8;-3,4;2,9;29;4; ;
18700;0,066365741;-3,4;-5;-2,4;0,8;26;4; ;
18700;0,108032407;1,8;-2,4;2,4;3;24;4; ;
18700;0,149699074;2,6;1,8;4,6;1,6;18;4; ;
18700;0,191365741;1,3;0,7;2,2;0,2;14;4; ;
18700;0,233032407;0,4;0,1;0,9;1,4;11;4; ;
18700;0,274699074;0,3;-0,6;0,9;1,5;12;4; ;
18700;0,316365741;1,9;0,8;3,1;5,6;11;4; ;
18700;0,358032407;1,1;0;2,8;12,5;10;4; ;
18700;0,399699074;2,5;0,5;3,4;7,6;8;3; ;
18700;0,441365741;3,1;0,8;4,3;13,5;7;3; ;
18700;0,483032407;2,1;0,4;3,3;0;6;3; ;
18700;0,524699074;2,1;1,1;3,5;3,3;4;3; ;
18700;0,566365741;1,4;0,3;2,4;4,4;3;3; ;
18700;0,608032407;2,6;0,8;3,1;11,8;3;4; ;
18700;0,649699074;2,7;0,4;3,9;1,5;2;1; ;
18700;0,691365741;3,1;2,8;4,5;25,7;2;1; ;
18700;0,733032407;1,6;-1,4;7,6;3,3;2;1; ;
18700;0,774699074;-1;-3,7;3,6;0;0;1; ;
18700;0,816365741;-0,7;-1,2;0,2;0;0;1; ;
18700;0,858032407;-1;-2,6;0;1,4;2;4; ;
18700;0,899699074;0,8;-0,8;1,9;12,7;10;4; ;
18700;0,941365741;2,9;0,8;4,4;3,9;5;4; ;
18700;0,983032407;4,3;2,1;5,4;0,3;2;3; ;
18700;24.02.2014;5,4;4,5;6,7;0;1;3; ;
18700;25.02.2014;4,7;4,2;6;0,1;1;1; ;
18700;26.02.2014;2,5;1,1;4,6;2,2;0;1; ;
18700;27.02.2014;3,9;3;4,9;10;0;0; ;
18700;28.02.2014;2,8;1,5;4,3;1,5;0;0; ;
18700;0,067060185;2;1,2;2,9;7,9;0;0; ;
18700;0,108726852;1,6;0,8;2,3;5,1;0;0; ;
18700;0,150393519;2,3;0,8;3;7,3;0;0; ;
18700;0,192060185;2,4;1,6;2,9;1,7;0;0; ;
18700;0,233726852;3;2;3,3;4,2;0;0; ;
18700;0,275393519;4,4;2,8;5,4;3,9;0;0; ;
18700;0,317060185;5;4,7;6,3;9,1;0;0; ;
18700;0,358726852;5,1;1;9;9,9;0;0; ;
18700;0,400393519;5,9;4,2;8,6;0;0;0; ;
18700;0,442060185;5,6;3,1;10,6;0;0;0; ;
18700;0,483726852;4,3;-0,7;9,8;0;0;0; ;
18700;0,525393519;4,2;-1;11,2;0;0;0; ;
18700;0,567060185;2,9;-2,8;8,9;0;0;0; ;
18700;0,608726852;3,6;-0,6;9;0;0;0; ;
18700;0,650393519;5,4;3,2;8;0;0;0; ;
18700;0,692060185;2,8;0,6;5,9;0;0;0; ;
18700;0,733726852;3,8;-1,7;7,3;1,5;0;0; ;
18700;0,775393519;2,7;-2,5;8,9;0;0;0; ;
18700;0,817060185;0,4;-1,8;4,2;0,2;0;0; ;
18700;0,858726852;3,9;-0,2;7;1,7;0;1; ;
18700;0,900393519;6,9;4,1;11,4;0;0;0; ;
18700;0,942060185;3,5;0,2;7;0;0;0; ;
18700;0,983726852;3,7;0,2;8,7;4,9;0;0; ;
18700;24.03.2014;4,6;0,6;9,3;0;0;0; ;
18700;25.03.2014;5;0,7;8,9;0;0;0; ;
18700;26.03.2014;3,9;1,5;6,1;0;0;0; ;
18700;27.03.2014;5,9;2,8;7,8;0,1;0;0; ;
18700;28.03.2014;8,7;4,6;14,3;0;0;0; ;
18700;29.03.2014;7,2;-0,2;15,5;0;0;0; ;
18700;30.03.2014;7,2;-0,2;14,5;0;0;0; ;
18700;31.03.2014;6,2;3,9;10,7;0;0;0; ;
18700;0,06775463;4;0;8,2;0;0;0; ;
18700;0,109421296;4,4;1;8,4;0;0;0; ;
18700;0,151087963;5,9;1,8;11,4;0;0;0; ;
18700;0,19275463;5,3;0,6;11,2;0;0;0; ;
18700;0,234421296;1,6;-1,5;7,3;0;0;0; ;
18700;0,276087963;4,9;0,8;9,2;3,9;0;0; ;
18700;0,31775463;8,7;6,5;13,2;9,2;0;0; ;
18700;0,359421296;5,9;5;10,1;1,2;0;0; ;
18700;0,401087963;3,1;2;5,5;16,9;0;0; ;
18700;0,44275463;3,5;2,3;4,2;2,1;0;0; ;
18700;0,484421296;6,7;2,6;13;2,5;0;0; ;
18700;0,526087963;4,2;0,1;9,2;0;0;0; ;
18700;0,56775463;7,3;3,4;13;4,1;0;0; ;
18700;0,609421296;7;-0,3;13,3;0;0;0; ;
18700;0,651087963;6,4;2,9;11,3;0;0;0; ;
18700;0,69275463;6,2;-0,4;11,8;0;0;0; ;
18700;0,734421296;5,8;4,7;9,1;0;0;0; ;
18700;0,776087963;7,5;4,2;12,3;15,3;0;0; ;
18700;0,81775463;8,2;0,2;15,7;0;0;0; ;
18700;0,859421296;10,8;1,6;18,4;0;0;0; ;
18700;0,901087963;13,4;5,1;19,4;0;0;0; ;
18700;0,94275463;15,1;10,9;19,9;0;0;0; ;
18700;0,984421296;11,9;9,3;18;0;0;0; ;
18700;24.04.2014;7,9;1,8;14;0;0;0; ;
18700;25.04.2014;10,1;3;17,3;0;0;0; ;
18700;26.04.2014;12,4;4,1;19,9;0;0;0; ;
18700;27.04.2014;14,6;6,1;22,2;0;0;0; ;
18700;28.04.2014;14,2;5,7;22,4;0;0;0; ;
18700;29.04.2014;7,8;5,3;17,9;0;0;0; ;
18700;30.04.2014;6,4;4,1;14,3;0;0;0; ;
18700;0,068449074;6,1;0,7;11,4;0;0;0; ;
18700;0,110115741;7,5;1,8;12,6;0;0;0; ;
18700;0,151782407;7,2;2,5;12,9;0;0;0; ;
18700;0,193449074;6,8;0,7;13,3;0;0;0; ;
18700;0,235115741;7,2;1,8;12,1;0;0;0; ;
18700;0,276782407;6,1;4,6;8,6;3,4;0;0; ;
18700;0,318449074;3,8;2,6;6,6;26,8;0;0; ;
18700;0,360115741;4,3;2,9;5,4;1,6;0;0; ;
18700;0,401782407;6,7;4,4;10,2;0;0;0; ;
18700;0,443449074;8,6;2,4;14,7;0;0;0; ;
18700;0,485115741;9,3;5,8;12,8;0;0;0; ;
18700;0,526782407;8,8;7,1;11,1;0,6;0;0; ;
18700;0,568449074;10,3;8;16,2;1,8;0;0; ;
18700;0,610115741;9,5;5,8;14,2;3,4;0;0; ;
18700;0,651782407;10,1;5,2;13,9;0;0;0; ;
18700;0,693449074;13,6;7,6;19,8;0,2;0;0; ;
18700;0,735115741;14,3;9,2;20,9;0;0;0; ;
18700;0,776782407;16;10,5;22,7;0;0;0; ;
18700;0,818449074;16,7;13,1;24,7;0,1;0;0; ;
18700;0,860115741;15,5;12,4;21,5;3,1;0;0; ;
18700;0,901782407;15,9;11,6;21,2;0;0;0; ;
18700;0,943449074;19,6;14,7;26,3;6,2;0;0; ;
18700;0,985115741;19,4;15,1;26,4;0;0;0; ;
18700;24.05.2014;18,7;16,6;23,3;6,4;0;0; ;
18700;25.05.2014;15;13,3;21,6;0;0;0; ;
18700;26.05.2014;17,1;10,9;21,8;3,9;0;0; ;
18700;27.05.2014;12,9;9,8;20,5;0;0;0; ;
18700;28.05.2014;13,2;5,3;18,9;0;0;0; ;
18700;29.05.2014;16,1;6,3;23;0;0;0; ;
18700;30.05.2014;19,4;13,3;24,4;0;0;0; ;
18700;31.05.2014;17;12,7;22,7;0;0;0; ;
18700;0,069143519;17,3;11,1;24;0;0;0; ;
18700;0,110810185;18,6;10;25,7;0;0;0; ;
18700;0,152476852;18,2;12,3;23,1;0;0;0; ;
18700;0,194143519;14,7;12,8;21;2,5;0;0; ;
18700;0,235810185;14,9;14,1;16,2;5,1;0;0; ;
18700;0,277476852;16,1;13,7;21,6;17;0;0; ;
18700;0,319143519;15,6;10,7;20,3;0;0;0; ;
18700;0,360810185;18,3;11;25,1;8,4;0;0; ;
18700;0,402476852;19,6;11,3;26,1;0;0;0; ;
18700;0,444143519;21,1;13,5;27,1;0;0;0; ;
18700;0,485810185;20,2;16,5;25,7;0,1;0;0; ;
18700;0,527476852;17,1;12,3;22,5;0;0;0; ;
18700;0,569143519;15,2;12;20,2;0;0;0; ;
18700;0,610810185;16,3;8,5;22,5;0;0;0; ;
18700;0,652476852;17,7;9,4;24,9;0;0;0; ;
18700;0,694143519;15,7;13;20,2;0,4;0;0; ;
18700;0,735810185;15,2;8,4;20,8;0;0;0; ;
18700;0,777476852;19,4;9,8;26,8;0;0;0; ;
18700;0,819143519;15,4;13,3;21,9;0;0;0; ;
18700;0,860810185;12,5;8,4;17,5;1,1;0;0; ;
18700;0,902476852;11,9;8,2;17,7;0,7;0;0; ;
18700;0,944143519;13;8,8;17,8;0;0;0; ;
18700;0,985810185;13,7;10,7;18,5;1,3;0;0; ;
18700;24.06.2014;15,4;9,3;21,6;0,1;0;0; ;
18700;25.06.2014;15,7;10,5;21;0,1;0;0; ;
18700;26.06.2014;13;9,4;19;0,9;0;0; ;
18700;27.06.2014;12,3;10,3;16,6;72,8;0;0; ;
18700;28.06.2014;11,5;10;15,3;0;0;0; ;
18700;29.06.2014;13;8,8;16,4;0;0;0; ;
18700;30.06.2014;13,7;11,8;20;0;0;0; ;
18700;0,069837963;14,8;12,2;19,8;1,4;0;0; ;
18700;0,11150463;17,3;9,3;23,5;1,9;0;0; ;
18700;0,153171296;16,8;12,8;23,3;1,1;0;0; ;
18700;0,194837963;16,3;9;22;0;0;0; ;
18700;0,23650463;20,6;13,1;26,9;0;0;0; ;
18700;0,278171296;19,8;16,7;24;5,7;0;0; ;
18700;0,319837963;19,2;17,6;23,9;0,3;0;0; ;
18700;0,36150463;20,8;14,9;27,9;18,1;0;0; ;
18700;0,403171296;24,8;19,9;29,4;3,8;0;0; ;
18700;0,444837963;24,1;18,1;28,8;0;0;0; ;
18700;0,48650463;23,5;17,8;29,9;0;0;0; ;
18700;0,528171296;21,1;15,5;26,1;0;0;0; ;
18700;0,569837963;19,5;13,9;24,9;0;0;0; ;
18700;0,61150463;19,7;17;25,1;3;0;0; ;
18700;0,653171296;17,8;13,1;23,5;0,9;0;0; ;
18700;0,694837963;20,2;12,8;27,1;2,1;0;0; ;
18700;0,73650463;17,3;14,1;22,5;0;0;0; ;
18700;0,778171296;18,5;10,9;25,2;6;0;0; ;
18700;0,819837963;20,8;13,6;26,9;0;0;0; ;
18700;0,86150463;22;17,2;27,5;0;0;0; ;
18700;0,903171296;23,6;15,1;30,2;0;0;0; ;
18700;0,944837963;24;17,8;32,1;0;0;0; ;
18700;0,98650463;25,2;16,7;32,1;1,8;0;0; ;
18700;24.07.2014;24,6;17,8;33,4;0;0;0; ;
18700;25.07.2014;25,4;18;31,6;0,5;0;0; ;
18700;26.07.2014;24,2;18,4;32,8;0;0;0; ;
18700;27.07.2014;20,3;17,9;24,5;5,6;0;0; ;
18700;28.07.2014;21,7;15,8;27,7;0,4;0;0; ;
18700;29.07.2014;22,3;17,8;28,1;0;0;0; ;
18700;30.07.2014;21,1;17,1;26,6;0;0;0; ;
18700;31.07.2014;19;13;24,7;0;0;0; ;
18700;0,070532407;19,2;13,5;25,4;0;0;0; ;
18700;0,112199074;19,8;15,4;26,4;0,7;0;0; ;
18700;0,153865741;19,7;17,6;24,6;7,8;0;0; ;
18700;0,195532407;20;18,7;23,8;25,1;0;0; ;
18700;0,237199074;18,3;15,3;21,5;9,7;0;0; ;
18700;0,278865741;18,9;14,2;25;0;0;0; ;
18700;0,320532407;19,2;14;25,2;0;0;0; ;
18700;0,362199074;19,9;15,9;25,7;0;0;0; ;
18700;0,403865741;18,4;13,5;23,9;0;0;0; ;
18700;0,445532407;17,7;12,3;21,9;2,8;0;0; ;
18700;0,487199074;15,7;13;21,6;4;0;0; ;
18700;0,528865741;14,5;11,7;19,5;9,6;0;0; ;
18700;0,570532407;14,5;11,5;19,1;2,5;0;0; ;
18700;0,612199074;13,8;12,1;18;7,2;0;0; ;
18700;0,653865741;15,6;11,6;21,9;6,7;0;0; ;
18700;0,695532407;15,1;12,4;19,4;0,2;0;0; ;
18700;0,737199074;14,4;12,2;19,3;0,5;0;0; ;
18700;0,778865741;12,7;10,4;15,8;9;0;0; ;
18700;0,820532407;14,1;10,8;20,1;0,7;0;0; ;
18700;0,862199074;13,1;9,4;20;1,5;0;0; ;
18700;0,903865741;14,6;10,6;20,5;4,3;0;0; ;
18700;0,945532407;13,3;10,1;19,1;1,8;0;0; ;
18700;0,987199074;13,5;11,2;19,1;2,6;0;0; ;
18700;24.08.2014;12,3;7,6;18,4;0,5;0;0; ;
18700;25.08.2014;13,4;11,1;19,1;3,2;0;0; ;
18700;26.08.2014;14,3;8,6;19,9;6,1;0;0; ;
18700;27.08.2014;15,8;10,2;20,5;0;0;0; ;
18700;28.08.2014;16,1;12,2;21,6;0;0;0; ;
18700;29.08.2014;15,7;11,1;20,2;0;0;0; ;
18700;30.08.2014;13,6;12,5;17,4;0;0;0; ;
18700;31.08.2014;13,3;11,3;17,3;2,9;0;0; ;
18700;0,071226852;13,4;8;18,3;0;0;0; ;
18700;0,112893519;16,2;10,8;22,3;0;0;0; ;
18700;0,154560185;16,7;13,6;22,4;0;0;0; ;
18700;0,196226852;16,6;13,7;22,4;0;0;0; ;
18700;0,237893519;15,2;11,8;20,7;0;0;0; ;
18700;0,279560185;16,1;9,8;20,8;0;0;0; ;
18700;0,321226852;16,8;15,1;20,6;0;0;0; ;
18700;0,362893519;15,1;12,7;20,7;9,4;0;0; ;
18700;0,404560185;13,7;11,3;17,4;19,8;0;0; ;
18700;0,446226852;14,8;12,1;18,9;7,6;0;0; ;
18700;0,487893519;14,3;8,7;20,5;0;0;0; ;
18700;0,529560185;14,1;11,3;17,6;0;0;0; ;
18700;0,571226852;14,6;9,4;21,4;0;0;0; ;
18700;0,612893519;14,1;7,9;20,4;0;0;0; ;
18700;0,654560185;13,8;7,7;19,5;0;0;0; ;
18700;0,696226852;13,4;8,9;19;0;0;0; ;
18700;0,737893519;13,2;9;20,3;0;0;0; ;
18700;0,779560185;11,5;6,4;16,6;0;0;0; ;
18700;0,821226852;12,6;7,3;19,3;0;0;0; ;
18700;0,862893519;11,7;7,1;16,4;0;0;0; ;
18700;0,904560185;11,6;11;14,5;4;0;0; ;
18700;0,946226852;9,3;6,7;13,5;0,2;0;0; ;
18700;0,987893519;7,6;3,6;12,6;0;0;0; ;
18700;24.09.2014;8,3;6,3;10,9;0;0;0; ;
18700;25.09.2014;10,4;5,7;16,6;1,4;0;0; ;
18700;26.09.2014;11,3;6,2;19;0;0;0; ;
18700;27.09.2014;13;8;19,1;0;0;0; ;
18700;28.09.2014;12,7;7,4;18,1;0;0;0; ;
18700;29.09.2014;11,9;8,8;17;0;0;0; ;
18700;30.09.2014;9,6;5,2;14,7;0;0;0; ;
18700;0,071921296;9,8;5,8;13,2;0;0;0; ;
18700;0,113587963;11,6;9,9;15,2;10,5;0;0; ;
18700;0,15525463;11,5;7,3;13,8;0;0;0; ;
18700;0,196921296;13,3;12,3;14,2;0;0;0; ;
18700;0,238587963;12,6;10,6;16,4;4,8;0;0; ;
18700;0,28025463;10,3;9,3;12,9;1,7;0;0; ;
18700;0,321921296;7,5;6,6;9,3;0;0;0; ;
18700;0,363587963;9,3;6,6;11,6;15,9;0;0; ;
18700;0,40525463;10,3;6,2;14,2;6,4;0;0; ;
18700;0,446921296;10,3;8,3;13,7;33,3;0;0; ;
18700;0,488587963;8,4;3,7;14,2;4,2;0;0; ;
18700;0,53025463;8,8;6,7;12,9;15,5;0;0; ;
18700;0,571921296;5;1,6;10,7;11,7;0;0; ;
18700;0,613587963;5,8;1,2;9,9;0;0;0; ;
18700;0,65525463;6,8;5,7;8,3;2;0;0; ;
18700;0,696921296;2,3;1,8;6,3;0,3;0;0; ;
18700;0,738587963;3,5;2;4,2;5,5;0;0; ;
18700;0,78025463;7,9;4;11,1;5,6;0;0; ;
18700;0,821921296;11,8;11,1;13;19,2;0;0; ;
18700;0,863587963;10,7;9,2;15,3;3,2;0;0; ;
18700;0,90525463;9;7,2;11;0,2;0;0; ;
18700;0,946921296;5,8;3,9;8,4;5;0;0; ;
18700;0,988587963;6,8;2,9;9,6;12,9;0;0; ;
18700;24.10.2014;11,7;9,6;12,3;28,8;0;0; ;
18700;25.10.2014;10,6;8,7;12,6;9,2;0;0; ;
18700;26.10.2014;11,7;9,5;13,5;0;0;0; ;
18700;27.10.2014;13,1;11,3;15,3;0;0;0; ;
18700;28.10.2014;13,6;12,7;15,2;0;0;0; ;
18700;29.10.2014;8;6;13,9;15,1;0;0; ;
18700;30.10.2014;3,5;-0,4;8,3;0;0;0; ;
18700;31.10.2014;3,2;1,1;4,4;0;0;0; ;
18700;0,072615741;7,7;4;9,7;9,2;0;0; ;
18700;0,114282407;10,6;8,8;12;5;0;0; ;
18700;0,155949074;8,9;7;12,1;6;0;0; ;
18700;0,197615741;6,8;4,2;10,3;19,9;0;0; ;
18700;0,239282407;2,8;2,3;4,2;0;0;0; ;
18700;0,280949074;0,3;-0,9;2,3;0,1;0;0; ;
18700;0,322615741;0;-1,4;0,9;0;0;0; ;
18700;0,364282407;5,5;0,6;8,6;0,7;0;0; ;
18700;0,405949074;8,8;7,4;10;3,2;0;0; ;
18700;0,447615741;7,8;7,3;9;1,8;0;0; ;
18700;0,489282407;6,8;5,9;8,1;15,9;0;0; ;
18700;0,530949074;6;5,2;6,6;0;0;0; ;
18700;0,572615741;5,2;4,7;6,7;3,3;0;0; ;
18700;0,614282407;5,7;4,6;6,3;11,8;0;0; ;
18700;0,655949074;5,7;5,3;6,5;0,2;0;0; ;
18700;0,697615741;4,8;4,4;5,4;0;0;0; ;
18700;0,739282407;3,7;3,1;4,9;0,1;0;0; ;
18700;0,780949074;3,8;3,1;4,6;0;0;0; ;
18700;0,822615741;3,4;3;4,1;0;0;0; ;
18700;0,864282407;1,9;1,4;3,5;0,2;0;0; ;
18700;0,905949074;2,3;1,5;3;0,6;0;0; ;
18700;0,947615741;2,1;1,1;2,6;0;0;0; ;
18700;0,989282407;4,3;2,2;5,5;0;0;0; ;
18700;24.11.2014;5;3;7,2;18,8;0;0; ;
18700;25.11.2014;1,4;-0,1;6,1;3,9;0;0; ;
18700;26.11.2014;-1;-2,5;2,1;0;0;0; ;
18700;27.11.2014;-1;-3,3;-0,1;0;0;0; ;
18700;28.11.2014;0,8;-0,7;1,4;0,1;0;0; ;
18700;29.11.2014;0,7;0,3;1,4;0,6;0;0; ;
18700;30.11.2014;0,8;0,4;1,4;0,1;0;0; ;
18700;0,073310185;-0,1;-0,8;1,2;0;0;0; ;
18700;0,114976852;-0,4;-1,4;0,7;0,5;0;1; ;
18700;0,156643519;-1,5;-2,7;0,6;2,8;0;3; ;
18700;0,198310185;0,3;-2,9;1,8;0;0;3; ;
18700;0,239976852;0,9;0,1;2,2;0,3;0;0; ;
18700;0,281643519;-0,8;-2,6;0,8;4,6;0;3; ;
18700;0,323310185;3,3;-2;6,3;0;0;3; ;
18700;0,364976852;-0,8;-2;3,7;2,4;0;0; ;
18700;0,406643519;-2,1;-5,5;-0,8;0;0;0; ;
18700;0,448310185;3,9;-1,5;5,8;5,8;0;0; ;
18700;0,489976852;2,5;1,2;3,9;0;0;0; ;
18700;0,531643519;1,2;0;3,1;0;0;0; ;
18700;0,573310185;-1,2;-2,1;1,4;0,1;0;0; ;
18700;0,614976852;1,2;-4,5;6,1;0;0;0; ;
18700;0,656643519;3;1,4;7;0,2;0;0; ;
18700;0,698310185;-0,3;-2,1;2,2;0;0;0; ;
18700;0,739976852;-3,8;-6,1;-1,3;0,6;0;1; ;
18700;0,781643519;-1,2;-3,7;0;4,4;3;4; ;
18700;0,823310185;-1,2;-2,6;0,7;0;2;4; ;
18700;0,864976852;-3,1;-4,3;-1,3;0;2;4; ;
18700;0,906643519;-2,2;-5,6;0,2;0;2;4; ;
18700;0,948310185;-1,5;-3,7;0,5;5,2;10;4; ;
18700;0,989976852;-3,6;-5,9;-0,6;0;5;4; ;
18700;24.12.2014;-3,7;-5,9;-0,8;0;5;4; ;
18700;25.12.2014;-10,3;-13,1;-5,9;0;5;4; ;
18700;26.12.2014;-11,5;-14,6;-8,5;0;5;4; ;
18700;27.12.2014;-11,5;-13,1;-8,3;0,3;6;4; ;
18700;28.12.2014;-10,1;-12,3;-7,7;0;6;4; ;
18700;29.12.2014;-6,3;-11,2;-4,1;0;10;4; ;
18700;30.12.2014;-5,4;-8,2;-3,8;0,1;10;4; ;
18700;31.12.2014;-0,9;-3,8;1,5;0,2;9;4; ;
18700;0,06568287;2,6;-2,4;4,1;0;9;4; ;
18700;0,107349537;5;2,9;6,5;0,7;4;3; ;
18700;0,149016204;2,5;-0,2;4,5;0;1;1; ;
18700;0,19068287;-0,8;-2,7;2,7;0;1;1; ;
18700;0,232349537;-0,9;-4,4;0,3;0;1;3; ;
18700;0,274016204;2,3;-0,3;3,4;1,6;0;3; ;
18700;0,31568287;1,6;0,6;4,1;15,9;0;0; ;
18700;0,357349537;2,6;0,2;5,8;3,7;0;0; ;
18700;0,399016204;-2,1;-2,9;0,7;0;0;0; ;
18700;0,44068287;-0,8;-4,4;1,8;2,2;3;4; ;
18700;0,482349537;-3,6;-5,4;3,7;11,8;15;4; ;
18700;0,524016204;-3,1;-6;0,2;5,2;22;4; ;
18700;0,56568287;1,3;-2,8;3,7;0;21;4; ;
18700;0,607349537;-2,6;-3,4;1;0;18;4; ;
18700;0,649016204;0,6;-5,2;2,6;0,3;18;4; ;
18700;0,69068287;3,4;0,8;5,7;18,4;15;4; ;
18700;0,732349537;0,4;-1,3;3,6;0,2;12;4; ;
18700;0,774016204;-0,7;-2,9;1,3;0;11;4; ;
18700;0,81568287;-2,1;-3,7;-0,6;0,1;10;4; ;
18700;0,857349537;-1,7;-3;-0,5;5,6;22;4; ;
18700;0,899016204;-1,3;-1,6;-0,4;3,2;25;4; ;
18700;0,94068287;-3,6;-5;-1,4;5,4;28;4; ;
18700;0,982349537;-7,6;-12,2;-5,1;0,4;28;4; ;
18700;24.01.2015;0,3;-5,1;2;2,9;26;4; ;
18700;25.01.2015;-4,6;-8,3;0,6;6,4;27;4; ;
18700;26.01.2015;1,5;-3,8;3,6;7,7;27;4; ;
18700;27.01.2015;-1,5;-3,9;0,9;6,2;24;4; ;
18700;28.01.2015;1,7;-1,7;3,9;1,8;24;4; ;
18700;29.01.2015;1,2;0,4;2,7;8,7;22;4; ;
18700;30.01.2015;0,1;-1;1,4;2;25;4; ;
18700;31.01.2015;-0,2;-0,9;0,9;0,6;24;4; ;
18700;0,066377315;-2;-2,5;-0,3;0,4;23;4; ;
18700;0,108043981;-3,2;-3,9;-2,1;0,4;22;4; ;
18700;0,149710648;-3,5;-5,4;-1,1;0,5;21;4; ;
18700;0,191377315;-6,1;-8,6;-2,6;0;21;4; ;
18700;0,233043981;-8,2;-12,8;-5,1;0;21;4; ;
18700;0,274710648;-3,9;-6,7;-0,2;0;21;4; ;
18700;0,316377315;-0,6;-7;6,9;0;21;4; ;
18700;0,358043981;-1,4;-6,3;2,6;0;21;4; ;
18700;0,399710648;3,6;-2;8,4;0;20;4; ;
18700;0,441377315;3,5;0,3;8,4;0;19;4; ;
18700;0,483043981;1,6;-1,9;4,2;0;19;4; ;
18700;0,524710648;-0,1;-1,3;3,1;0;19;4; ;
18700;0,566377315;1,2;-1,7;1,9;0;19;4; ;
18700;0,608043981;1,6;0,6;3,3;0,1;19;4; ;
18700;0,649710648;0,3;-0,1;1;0;18;4; ;
18700;0,691377315;-1;-2,3;0,8;0;19;4; ;
18700;0,733043981;1,4;-0,5;3,1;1,5;18;4; ;
18700;0,774710648;3,9;1,3;5,5;1,4;18;4; ;
18700;0,816377315;4,7;1,8;6,1;0;18;4; ;
18700;0,858043981;3,9;2,1;6,7;0;16;4; ;
18700;0,899710648;0,9;-0,5;3,9;0;15;3; ;
18700;0,941377315;-0,1;-3,1;4,9;0;14;3; ;
18700;0,983043981;1,3;-1,9;2,3;3,8;15;4; ;
18700;24.02.2015;2,4;1;4,1;6,7;17;4; ;
18700;25.02.2015;3,6;1,7;5,1;6,5;15;3; ;
18700;26.02.2015;2,4;1,1;3,3;0;13;3; ;
18700;27.02.2015;1,8;0,7;4,3;4,2;12;3; ;
18700;28.02.2015;1,5;-2,6;3,6;2,2;12;3; ;
18700;0,067071759;1,9;0,3;3,5;2,4;0;1; ;
18700;0,108738426;3,4;2,7;6,4;8;8;1; ;
18700;0,150405093;1,7;0,6;5,3;1,8;0;1; ;
18700;0,192071759;0,1;-4,8;5,8;0,1;0;1; ;
18700;0,233738426;1,2;-4,1;4,7;0;0;1; ;
18700;0,275405093;5,2;2,5;9,7;0;0;1; ;
18700;0,317071759;5,7;3,6;7,6;0;0;1; ;
18700;0,358738426;6,6;5,5;8,3;0;0;1; ;
18700;0,400405093;4,8;-0,1;9,3;0;0;1; ;
18700;0,442071759;7,4;2,8;13,2;1,2;0;0; ;
18700;0,483738426;5,6;3,3;10,4;0;0;0; ;
18700;0,525405093;4,1;-0,1;10,4;0;0;0; ;
18700;0,567071759;2,8;-1,4;9,3;0;0;0; ;
18700;0,608738426;3,1;-4,2;9,8;0;0;0; ;
18700;0,650405093;4,9;-0,1;8,8;0;0;0; ;
18700;0,692071759;5,2;3,6;6,4;0;0;0; ;
18700;0,733738426;5,5;3,1;7,9;0;0;0; ;
18700;0,775405093;4,7;4;6,5;0;0;0; ;
18700;0,817071759;2,5;0,5;5;2,8;0;0; ;
18700;0,858738426;3,3;1,9;6,1;0,9;0;0; ;
18700;0,900405093;0,5;-1,6;4,8;1,4;0;0; ;
18700;0,942071759;0,3;-3,2;1,5;0;0;0; ;
18700;0,983738426;5,4;1,3;9;3;0;1; ;
18700;24.03.2015;5,7;-0,5;11,1;0;0;0; ;
18700;25.03.2015;1,7;-0,8;6,8;0,1;0;0; ;
18700;26.03.2015;-0,3;-2,9;1,7;10,4;6;4; ;
18700;27.03.2015;2,7;1,3;4,4;18,4;18;4; ;
18700;28.03.2015;2,6;-1,1;7,5;0,2;12;4; ;
18700;29.03.2015;3,7;1,2;7,6;5,3;0;1; ;
18700;30.03.2015;3,7;1,9;7,9;5,3;0;1; ;
18700;31.03.2015;2,8;-2,6;8,5;0,5;0;0; ;
18700;0,067766204;3,6;-2,3;9,7;0;0;0; ;
18700;0,10943287;4,9;1,8;9,6;0;0;0; ;
18700;0,151099537;4,4;-0,4;10,2;0;0;0; ;
18700;0,192766204;4;0,4;9;0;0;0; ;
18700;0,23443287;3,3;-2,1;8;0;0;0; ;
18700;0,276099537;5,3;1,5;10,5;0;0;0; ;
18700;0,317766204;9,2;2,2;14,9;0;0;0; ;
18700;0,35943287;9,1;6,7;12,6;0;0;0; ;
18700;0,401099537;7,7;0,7;15,5;0;0;0; ;
18700;0,442766204;8,3;4,3;15,4;0;0;0; ;
18700;0,48443287;5,8;3,9;8,6;0;0;0; ;
18700;0,526099537;7,4;4,7;12,1;2,4;0;0; ;
18700;0,567766204;5,8;-0,1;11,5;0,1;0;0; ;
18700;0,60943287;3,2;-0,2;8,2;0;0;0; ;
18700;0,651099537;5,5;1;10,8;3,3;0;0; ;
18700;0,692766204;7;1,3;11,9;2,3;0;0; ;
18700;0,73443287;8,2;3,8;12,2;0;0;0; ;
18700;0,776099537;7,6;0,6;14,3;0;0;0; ;
18700;0,817766204;11,1;4,2;18,8;0;0;0; ;
18700;0,85943287;14,8;4,7;22,8;0;0;0; ;
18700;0,901099537;11,7;5,7;20;0;0;0; ;
18700;0,942766204;12;4,2;18,2;0;0;0; ;
18700;0,98443287;10,4;6,9;14,3;0;0;0; ;
18700;24.04.2015;6,6;2,2;11;0;0;0; ;
18700;25.04.2015;7,3;5,5;8,7;0,2;0;0; ;
18700;26.04.2015;6,4;0,6;12,6;4,4;0;0; ;
18700;27.04.2015;5,7;-0,7;11,6;0,1;0;0; ;
18700;28.04.2015;6,2;-0,7;13,7;0;0;0; ;
18700;29.04.2015;5,2;-0,5;10,5;0;0;0; ;
18700;30.04.2015;6,6;3,3;11,5;4,1;0;0; ;
18700;0,068460648;7;2,8;13,1;0,1;0;0; ;
18700;0,110127315;7,6;4,4;12,1;0,1;0;0; ;
18700;0,151793981;8,5;4,6;14,6;0;0;0; ;
18700;0,193460648;6,8;5,5;11;0,1;0;0; ;
18700;0,235127315;8,8;6;11,2;5;0;0; ;
18700;0,276793981;10,8;8,9;14,7;15;0;0; ;
18700;0,318460648;8,1;6,8;11,9;7,4;0;0; ;
18700;0,360127315;7,9;0,9;14,2;5,2;0;0; ;
18700;0,401793981;6,6;0,1;13,3;0;0;0; ;
18700;0,443460648;8,9;3,2;16,7;15,9;0;0; ;
18700;0,485127315;8,5;4,6;13,8;0,6;0;0; ;
18700;0,526793981;8,6;7,6;11,4;4,3;0;0; ;
18700;0,568460648;9,9;2,3;15,6;3,8;0;0; ;
18700;0,610127315;9,4;3,9;14,7;0,2;0;0; ;
18700;0,651793981;9,5;1;16,9;0;0;0; ;
18700;0,693460648;8,2;6,2;11,9;0;0;0; ;
18700;0,735127315;6,7;4,2;10,3;11,1;0;0; ;
18700;0,776793981;9,5;3,4;15,1;0;0;0; ;
18700;0,818460648;7,9;5,8;11,5;1;0;0; ;
18700;0,860127315;9,6;6,3;14,5;4,6;0;0; ;
18700;0,901793981;9,9;3,7;16,9;0;0;0; ;
18700;0,943460648;9,6;7,6;11,9;1;0;0; ;
18700;0,985127315;11,6;3,5;18,8;0,2;0;0; ;
18700;24.05.2015;8,4;3,3;13,8;0;0;0; ;
18700;25.05.2015;11;8,2;17,2;9,7;0;0; ;
18700;26.05.2015;10,5;7,4;14,5;1,4;0;0; ;
18700;27.05.2015;12,7;7,2;18,3;0;0;0; ;
18700;28.05.2015;8,4;5,6;16,7;0;0;0; ;
18700;29.05.2015;10,4;5,3;15,5;6,3;0;0; ;
18700;30.05.2015;7,5;6,8;11,2;8,4;0;0; ;
18700;31.05.2015;10,7;3,7;17,6;5,2;0;0; ;
18700;0,069155093;11,4;8,5;15,8;4,8;0;0; ;
18700;0,110821759;8,4;5,7;13;0;0;0; ;
18700;0,152488426;12,7;8,5;17,5;12,2;0;0; ;
18700;0,194155093;12,9;5,1;18,5;0;0;0; ;
18700;0,235821759;13,6;8,1;19,7;0;0;0; ;
18700;0,277488426;12,7;10,3;18,2;7,6;0;0; ;
18700;0,319155093;13;9,4;19,4;11,2;0;0; ;
18700;0,360821759;12,3;7,5;18,7;0,2;0;0; ;
18700;0,402488426;14,6;7,1;20,6;0,4;0;0; ;
18700;0,444155093;14,7;8,7;21,1;0;0;0; ;
18700;0,485821759;16,6;8,1;22,7;0,1;0;0; ;
18700;0,527488426;17,1;10,2;24,1;0;0;0; ;
18700;0,569155093;15,3;8,3;20,8;0;0;0; ;
18700;0,610821759;13,4;11;20,1;0;0;0; ;
18700;0,652488426;13,7;6,6;19,5;1,8;0;0; ;
18700;0,694155093;14,3;8,1;20,4;0;0;0; ;
18700;0,735821759;10,2;8,5;17,6;0;0;0; ;
18700;0,777488426;11,8;9,4;16;8,5;0;0; ;
18700;0,819155093;14,9;7,5;20,3;1,7;0;0; ;
18700;0,860821759;17,7;13,4;22,5;0;0;0; ;
18700;0,902488426;15,8;13;21,2;0;0;0; ;
18700;0,944155093;14,3;10,3;19,1;2,2;0;0; ;
18700;0,985821759;15,9;12,5;21,8;2,5;0;0; ;
18700;24.06.2015;15,1;11,5;21,6;6,4;0;0; ;
18700;25.06.2015;12,9;9,6;18,1;8,9;0;0; ;
18700;26.06.2015;15,1;8,9;21,6;0;0;0; ;
18700;27.06.2015;16,3;10,1;22;0;0;0; ;
18700;28.06.2015;14,7;12,9;18,7;0;0;0; ;
18700;29.06.2015;17,1;13,3;23,1;0,2;0;0; ;
18700;30.06.2015;18,3;12,7;24,4;0;0;0; ;
18700;0,069849537;20,6;16,1;26,5;0;0;0; ;
18700;0,111516204;20;12,5;25,3;0;0;0; ;
18700;0,15318287;20;12,7;25,2;0;0;0; ;
18700;0,194849537;20,6;16,8;25,7;0;0;0; ;
18700;0,236516204;20,9;15,4;27;0;0;0; ;
18700;0,27818287;16,3;12,6;24,8;9,7;0;0; ;
18700;0,319849537;17,2;11,3;23,7;3,2;0;0; ;
18700;0,361516204;13,4;13,1;18,7;2,1;0;0; ;
18700;0,40318287;13,8;10,7;18,4;19,2;0;0; ;
18700;0,444849537;15,2;11,1;20,1;0;0;0; ;
18700;0,486516204;16;7,8;22,5;0;0;0; ;
18700;0,52818287;16,8;13,2;23,1;0;0;0; ;
18700;0,569849537;16,5;14,5;20,4;1,4;0;0; ;
18700;0,611516204;17,2;13,4;24;1,3;0;0; ;
18700;0,65318287;15,6;11,6;20,9;0;0;0; ;
18700;0,694849537;14,2;9,7;18,6;9,3;0;0; ;
18700;0,736516204;15,3;7,8;20,7;0;0;0; ;
18700;0,77818287;14,9;12,1;20,7;5,5;0;0; ;
18700;0,819849537;16,7;11,6;22,7;0,5;0;0; ;
18700;0,861516204;17,5;13,2;23,8;0;0;0; ;
18700;0,90318287;14;12,3;19,9;3,1;0;0; ;
18700;0,944849537;17;13,1;22,8;4,5;0;0; ;
18700;0,986516204;16,4;11;21,9;2;0;0; ;
18700;24.07.2015;15;8,1;20,6;0;0;0; ;
18700;25.07.2015;12,5;8,6;16,6;0;0;0; ;
18700;26.07.2015;12,4;10,8;14,4;8,6;0;0; ;
18700;27.07.2015;15,2;9,8;21;8,3;0;0; ;
18700;28.07.2015;14,3;12,5;17,2;0,6;0;0; ;
18700;29.07.2015;14,4;12,9;18;6,9;0;0; ;
18700;30.07.2015;16,7;10,7;23;2,2;0;0; ;
18700;31.07.2015;14,8;11,3;20,1;0,1;0;0; ;
18700;0,070543981;15,1;9;21,3;0,1;0;0; ;
18700;0,112210648;14,3;9,1;20;9,3;0;0; ;
18700;0,153877315;14,9;9,8;20,8;1,7;0;0; ;
18700;0,195543981;15,5;11,4;18,1;0;0;0; ;
18700;0,237210648;16,6;14,6;19,5;55,6;0;0; ;
18700;0,278877315;15,9;14,7;19,7;0,3;0;0; ;
18700;0,320543981;16,4;12,3;20,5;1;0;0; ;
18700;0,362210648;18,1;14,6;23,7;2,1;0;0; ;
18700;0,403877315;15,4;9,5;20,7;0;0;0; ;
18700;0,445543981;16,2;13;22,1;0;0;0; ;
18700;0,487210648;15,9;13,8;19,5;0;0;0; ;
18700;0,528877315;16,3;10,5;22,2;0,1;0;0; ;
18700;0,570543981;16,3;9;22,8;0;0;0; ;
18700;0,612210648;18,1;10,2;25,4;0;0;0; ;
18700;0,653877315;19;12,7;24,2;0;0;0; ;
18700;0,695543981;18,6;14,6;23,2;0;0;0; ;
18700;0,737210648;18,2;13,5;22,7;0;0;0; ;
18700;0,778877315;17,5;12,2;22,9;0;0;0; ;
18700;0,820543981;17,9;11,6;24;0;0;0; ;
18700;0,862210648;17,7;12,9;23,9;0;0;0; ;
18700;0,903877315;17,1;11,1;24,3;0;0;0; ;
18700;0,945543981;17,2;9,9;24,5;0;0;0; ;
18700;0,987210648;18,6;10,1;25,1;0;0;0; ;
18700;24.08.2015;17,4;14,5;23;0;0;0; ;
18700;25.08.2015;16,6;15,6;18,2;3,2;0;0; ;
18700;26.08.2015;15,7;13,9;19,2;11,9;0;0; ;
18700;27.08.2015;14,9;12,8;18,4;34,4;0;0; ;
18700;28.08.2015;14;8;20,6;11;0;0; ;
18700;29.08.2015;15;8,3;20,7;0;0;0; ;
18700;30.08.2015;15,9;10,3;21,8;0;0;0; ;
18700;31.08.2015;15,7;11,5;21,2;0;0;0; ;
18700;0,071238426;13,5;12,2;16,6;0,1;0;0; ;
18700;0,112905093;12,6;11,2;14,9;28,1;0;0; ;
18700;0,154571759;12,8;11;18,2;26,1;0;0; ;
18700;0,196238426;12,2;7,8;18;3,8;0;0; ;
18700;0,237905093;11,8;10,4;13,8;4,7;0;0; ;
18700;0,279571759;11,7;8,5;15,7;2,6;0;0; ;
18700;0,321238426;13,3;5,6;19,4;0;0;0; ;
18700;0,362905093;14,4;8,5;20,3;0;0;0; ;
18700;0,404571759;14,9;8,9;21,1;0,2;0;0; ;
18700;0,446238426;14,6;8,4;21,2;0;0;0; ;
18700;0,487905093;14,9;10,7;19,4;0;0;0; ;
18700;0,529571759;13,5;11,6;16,2;0;0;0; ;
18700;0,571238426;14,3;12,2;16,5;0,9;0;0; ;
18700;0,612905093;14,6;12,9;16,3;1,7;0;0; ;
18700;0,654571759;12,5;11,5;15,9;3,3;0;0; ;
18700;0,696238426;11,4;9,1;13,2;20,6;0;0; ;
18700;0,737905093;13,7;12,1;16,2;12,3;0;0; ;
18700;0,779571759;14,7;12,9;19,3;39,2;0;0; ;
18700;0,821238426;12,9;8,5;18,7;1;0;0; ;
18700;0,862905093;11,1;6,5;15,3;0,3;0;0; ;
18700;0,904571759;10,9;8,9;13,9;0,7;0;0; ;
18700;0,946238426;10,5;8,5;12;0;0;0; ;
18700;0,987905093;12,4;10,9;14;5,4;0;0; ;
18700;24.09.2015;12,9;12;16,5;0,1;0;0; ;
18700;25.09.2015;10,4;7,7;15,5;7,2;0;0; ;
18700;26.09.2015;9,1;3,8;15,7;0;0;0; ;
18700;27.09.2015;9,6;3;16,8;0;0;0; ;
18700;28.09.2015;10,1;5,6;16,2;0;0;0; ;
18700;29.09.2015;10,7;5,2;16,7;0;0;0; ;
18700;30.09.2015;11,9;6,8;18,9;0;0;0; ;
18700;0,07193287;11;7,2;15,3;0;0;0; ;
18700;0,113599537;11,1;5,5;16,7;0;0;0; ;
18700;0,155266204;10,1;4,4;14,8;0;0;0; ;
18700;0,19693287;9,9;6,7;15;0;0;0; ;
18700;0,238599537;10,6;7,4;13,5;0;0;0; ;
18700;0,280266204;8,4;6,6;11,7;0;0;0; ;
18700;0,32193287;7,6;5,9;9,6;0;0;0; ;
18700;0,363599537;7,3;5,6;9,9;0;0;0; ;
18700;0,405266204;7,4;6,3;9,1;0;0;0; ;
18700;0,44693287;8;6;11,5;0;0;0; ;
18700;0,488599537;8,7;7,7;12,4;0;0;0; ;
18700;0,530266204;7,7;6,7;10,3;0,3;0;0; ;
18700;0,57193287;6,1;3,7;11,3;0;0;0; ;
18700;0,613599537;3,9;-0,5;10,6;0;0;0; ;
18700;0,655266204;4,1;-0,8;11;0;0;0; ;
18700;0,69693287;2,4;-0,5;8,1;0;0;0; ;
18700;0,738599537;2,8;-2,3;9,9;0;0;0; ;
18700;0,780266204;5;-0,3;12,3;0;0;0; ;
18700;0,82193287;5,1;0,9;11,3;0;0;0; ;
18700;0,863599537;6,1;3,5;7,4;0,5;0;0; ;
18700;0,905266204;6,9;3,6;10;0,2;0;0; ;
18700;0,94693287;10,2;7,5;15;5,1;0;0; ;
18700;0,988599537;9,8;6,8;15,9;0,1;0;0; ;
18700;24.10.2015;7,4;1,7;10,7;0;0;0; ;
18700;25.10.2015;8,2;4,7;12;1,5;0;0; ;
18700;26.10.2015;6,2;3,5;9,4;0;0;0; ;
18700;27.10.2015;5,4;1,4;9,8;0;0;0; ;
18700;28.10.2015;6,3;5,3;7,2;0;0;0; ;
18700;29.10.2015;6;5,1;6,9;0;0;0; ;
18700;30.10.2015;6,3;5,6;7,7;0;0;0; ;
18700;31.10.2015;8,1;5,4;9,6;0,6;0;0; ;
18700;0,072627315;8;6,8;9,5;0;0;0; ;
18700;0,114293981;6,7;4;12,3;0;0;0; ;
18700;0,155960648;7,3;3,4;9,2;0;0;0; ;
18700;0,197627315;4,9;4,1;8,8;0,1;0;0; ;
18700;0,239293981;4,6;3,1;5,4;0;0;0; ;
18700;0,280960648;7,2;5,4;7,8;0,5;0;0; ;
18700;0,322627315;9,8;7,7;12,2;20,9;0;0; ;
18700;0,364293981;7,1;3,7;10,6;8,2;0;0; ;
18700;0,405960648;7;4,9;8,8;4,4;0;0; ;
18700;0,447627315;4,6;2,9;8,1;0;0;0; ;
18700;0,489293981;3,1;0,3;6,7;0;0;0; ;
18700;0,530960648;4,3;3,1;8,4;0,3;0;0; ;
18700;0,572627315;6,7;1,7;11,2;1,5;0;0; ;
18700;0,614293981;3,2;1,7;6,1;1;0;0; ;
18700;0,655960648;1,9;-0,8;7,1;0;0;0; ;
18700;0,697627315;1,7;-1,1;3,7;0;0;0; ;
18700;0,739293981;2,4;0,5;5,3;7,5;0;0; ;
18700;0,780960648;0,8;0,2;4,6;0;0;0; ;
18700;0,822627315;0;-0,8;0,7;0;0;0; ;
18700;0,864293981;-2,8;-4,7;0,6;0;0;0; ;
18700;0,905960648;-2,5;-4,7;-1,5;0;0;0; ;
18700;0,947627315;-3,5;-5,6;1,1;0;0;0; ;
18700;0,989293981;-4,7;-7,7;-2;0;0;0; ;
18700;24.11.2015;2,1;-4,1;5,2;1,4;0;0; ;
18700;25.11.2015;1,1;0,1;5,1;13,4;0;0; ;
18700;26.11.2015;-0,9;-3,7;0,6;0,1;0;0; ;
18700;27.11.2015;7,8;0,2;9,6;0;0;0; ;
18700;28.11.2015;4;0;10;7,8;0;0; ;
18700;29.11.2015;3,4;-0,8;5,7;4,8;0;0; ;
18700;30.11.2015;0,5;-2,8;5,6;3,6;0;0; ;
18700;0,073321759;2,1;-2;5,9;0;0;0; ;
18700;0,114988426;1,7;-1;3,5;0;0;0; ;
18700;0,156655093;1,5;-0,6;4,9;1,6;0;0; ;
18700;0,198321759;3,4;-0,2;6,7;9,6;0;0; ;
18700;0,239988426;8,7;1,6;10,4;11,7;0;0; ;
18700;0,281655093;7,8;4;10,2;0;0;0; ;
18700;0,323321759;3,9;-0,6;8;0;0;0; ;
18700;0,364988426;5;-0,5;8,2;0;0;0; ;
18700;0,406655093;6,4;3,7;8,6;4,7;0;0; ;
18700;0,448321759;6,9;3,7;9,1;0;0;0; ;
18700;0,489988426;0,2;-1,6;4,4;0;0;0; ;
18700;0,531655093;-1,7;-3,6;1,3;0;0;0; ;
18700;0,573321759;-2,3;-3,5;0,9;0;0;0; ;
18700;0,614988426;-6,1;-7,2;-3,3;0;0;0; ;
18700;0,656655093;-6,8;-8,9;-4,7;0;0;0; ;
18700;0,698321759;-3,5;-6,3;-1,6;0,1;0;0; ;
18700;0,739988426;0,6;-1,6;1,2;4,9;3;4; ;
18700;0,781655093;3,6;1,1;5,4;6,7;4;4; ;
18700;0,823321759;6,1;4,6;7;0;0;0; ;
18700;0,864988426;8,5;6,7;9,5;3,1;0;0; ;
18700;0,906655093;6,8;6;8,2;0;0;0; ;
18700;0,948321759;4,2;0,9;7,2;0;0;0; ;
18700;0,989988426;3,1;-0,1;7,4;6,3;0;0; ;
18700;24.12.2015;6;2,2;7,9;0;0;0; ;
18700;25.12.2015;4,7;2,4;8;1;0;0; ;
18700;26.12.2015;-1,2;-4;6,3;0;0;0; ;
18700;27.12.2015;-3,2;-5,6;-2,4;0;0;0; ;
18700;28.12.2015;-1,4;-3,3;-1,1;4,1;7;4; ;
18700;29.12.2015;-0,8;-1,5;-0,2;0,1;7;4; ;
18700;30.12.2015;1,4;-0,5;2,7;0,9;7;4; ;
18700;31.12.2015;1;0,1;2,8;2,4;0;1; ;
18700;0,065694444;1,6;0,1;2,5;6,1;0;1; ;
18700;0,107361111;-2,1;-4,1;2,1;3,9;0;1; ;
18700;0,149027778;-6;-6,3;-4,1;0,1;1;3; ;
18700;0,190694444;-7,4;-7,9;-6,2;0;4;4; ;
18700;0,232361111;-7,7;-8,4;-6,3;0;1;3; ;
18700;0,274027778;-11,4;-12,4;-7,3;0;1;1; ;
18700;0,315694444;-11,9;-13,1;-11,2;0;0;1; ;
18700;0,357361111;-8,9;-11,3;-7,8;1,2;9;4; ;
18700;0,399027778;-9;-9,4;-8,3;0;7;4; ;
18700;0,440694444;-5,6;-9,4;-2,6;4,3;10;4; ;
18700;0,482361111;-1,3;-2,8;-0,9;8,6;16;4; ;
18700;0,524027778;-3,1;-3,8;-1,2;1,1;16;4; ;
18700;0,565694444;-7,3;-10,3;-3,8;0,8;15;4; ;
18700;0,607361111;-12,3;-14,2;-8;0;15;4; ;
18700;0,649027778;-12,4;-16,4;-9,7;0;14;4; ;
18700;0,690694444;-9,5;-12,2;-7,1;2,3;18;4; ;
18700;0,732361111;-11,7;-14,5;-7,6;0;18;4; ;
18700;0,774027778;-11,2;-14,3;-8,7;0;16;4; ;
18700;0,815694444;-11,2;-13,8;-8,2;0;16;4; ;
18700;0,857361111;-10,5;-13,6;-5,2;0;16;4; ;
18700;0,899027778;-11,1;-13,4;-5,8;0;17;4; ;
18700;0,940694444;-10,1;-15,8;-7,4;0;15;4; ;
18700;0,982361111;-2,6;-7,4;-1,6;3,2;20;4; ;
18700;24.01.2016;-2,6;-3,4;-1,6;0,4;20;4; ;
18700;25.01.2016;-0,8;-2,8;-0,1;0,2;19;4; ;
18700;26.01.2016;2,5;-0,6;3,7;0,7;15;4; ;
18700;27.01.2016;3,4;2,9;4,4;0,6;11;4; ;
18700;28.01.2016;3,1;1,2;5,9;9;5;3; ;
18700;29.01.2016;3,7;0,4;7,3;0;5;3; ;
18700;30.01.2016;2,5;1,4;4,5;0,5;0;1; ;
18700;31.01.2016;0,6;-1,4;4,5;0;0;1; ;
18700;0,066388889;-1,5;-4,2;1;0;0;1; ;
18700;0,108055556;1,8;-0,7;3,4;3,8;5;4; ;
18700;0,149722222;0,8;-1,9;4;1,3;2;4; ;
18700;0,191388889;-0,8;-4,9;4,5;0;2;4; ;
18700;0,233055556;-1,2;-3,7;1,2;0;2;4; ;
18700;0,274722222;3,2;-1;4,7;8;1;4; ;
18700;0,316388889;4,7;2,7;5,4;4,9;1;3; ;
18700;0,358055556;3,2;0,6;5;2,1;0;1; ;
18700;0,399722222;3,3;1,8;5,5;19,5;0;1; ;
18700;0,441388889;2,1;1,3;3,4;0,9;0;1; ;
18700;0,483055556;0,3;-1;2,6;0;0;1; ;
18700;0,524722222;-2,3;-3,2;-0,6;0;0;1; ;
18700;0,566388889;-3,6;-4,1;-1,8;0,3;0;1; ;
18700;0,608055556;-6;-7,8;-2,5;0;0;3; ;
18700;0,649722222;-5,1;-10,6;2,4;0;0;1; ;
18700;0,691388889;-4,6;-9,5;-1,2;0;0;1; ;
18700;0,733055556;1,3;-2,8;2,6;0;0;1; ;
18700;0,774722222;-2,7;-3,9;0,4;0;0;1; ;
18700;0,816388889;-0,8;-3,3;0,5;0;0;1; ;
18700;0,858055556;0,8;-0,1;1,5;2,1;0;1; ;
18700;0,899722222;0,1;-2,4;4,1;7,5;3;4; ;
18700;0,941388889;-2,2;-4,7;2,2;0;3;4; ;
18700;0,983055556;-2,5;-7,3;3;0;3;4; ;
18700;24.02.2016;-1,3;-5;4,9;0;3;4; ;
18700;25.02.2016;-2,1;-7,2;4,2;0;3;4; ;
18700;26.02.2016;0,7;-2,7;7,1;0;3;3; ;
18700;27.02.2016;-1,6;-6,7;5,6;0;3;3; ;
18700;28.02.2016;-1,5;-6,8;5,4;0;3;3; ;
18700;29.02.2016;-3,3;-7,4;-0,2;0;3;3; ;
18700;0,067083333;-0,5;-1,1;0,4;0;3;3; ;
18700;0,10875;-0,7;-1,5;0,3;2,6;5;4; ;
18700;0,150416667;0,6;-1,4;2,8;10,9;17;4; ;
18700;0,192083333;0,9;0,2;1,8;3,5;11;4; ;
18700;0,23375;1,1;0,3;2,2;6,1;12;4; ;
18700;0,275416667;0,4;-0,6;1,9;0,8;12;4; ;
18700;0,317083333;0,9;-0,9;3,3;5,6;15;4; ;
18700;0,35875;0,7;-3,6;5,4;3,1;13;4; ;
18700;0,400416667;1,4;0,2;4,2;0;10;4; ;
18700;0,442083333;1,9;1,2;3,9;0,1;11;3; ;
18700;0,48375;0,5;-1,8;3,9;0;10;3; ;
18700;0,525416667;0,8;-0,4;2,2;0;10;3; ;
18700;0,567083333;2,6;0,7;5;0;10;3; ;
18700;0,60875;6,4;1,7;14,1;0,7;8;3; ;
18700;0,650416667;8;1,9;15,7;0;5;1; ;
18700;0,692083333;5,4;0;13;0;2;1; ;
18700;0,73375;2,8;-0,9;8,9;0;1;1; ;
18700;0,775416667;5,6;0,4;11,1;0;0;1; ;
18700;0,817083333;4,8;-2;12,1;0;0;1; ;
18700;0,85875;5,5;-0,5;11,9;0;0;1; ;
18700;0,900416667;4,1;-1,4;9,7;0;0;1; ;
18700;0,942083333;4,1;0;9,4;0;0;1; ;
18700;0,98375;4,4;0,4;9,4;0;0;1; ;
18700;24.03.2016;1,9;-3;5,2;0;0;1; ;
18700;25.03.2016;4,2;2,9;7,6;0;0;0; ;
18700;26.03.2016;3,5;-0,8;6,7;0,5;0;0; ;
18700;27.03.2016;5,5;4,6;6,1;0,8;0;0; ;
18700;28.03.2016;6,4;4,4;9,6;6,6;0;0; ;
18700;29.03.2016;5,7;4,7;8,1;3,6;0;0; ;
18700;30.03.2016;3,8;3,1;6,3;2,2;0;0; ;
18700;31.03.2016;2,2;-2,4;6;0;0;0; ;
18700;0,067777778;4,1;-1,8;9,4;0;0;0; ;
18700;0,109444444;4,7;3,2;6,3;1,8;0;0; ;
18700;0,151111111;5,4;4,4;6,2;5,6;0;0; ;
18700;0,192777778;6,8;5,2;8,5;1,5;0;0; ;
18700;0,234444444;6,3;5,3;9;8,3;0;0; ;
18700;0,276111111;6,3;4,5;10,9;0,3;0;0; ;
18700;0,317777778;5,4;4,3;7,4;7,2;0;0; ;
18700;0,359444444;4,6;3,5;6,4;4,5;0;0; ;
18700;0,401111111;5,1;3,1;9;1,4;0;0; ;
18700;0,442777778;6,5;0,5;12,9;0,1;0;0; ;
18700;0,484444444;7,4;3,4;13,1;0;0;0; ;
18700;0,526111111;7,3;0,6;14,2;0;0;0; ;
18700;0,567777778;8,2;1,4;13,3;0;0;0; ;
18700;0,609444444;6,5;4,3;9,7;0,1;0;0; ;
18700;0,651111111;6,7;5,6;8,7;0,2;0;0; ;
18700;0,692777778;7,3;4;12,1;0,6;0;0; ;
18700;0,734444444;5,4;2,9;9;12,2;0;0; ;
18700;0,776111111;6,7;2,1;12,1;1,9;0;0; ;
18700;0,817777778;8,1;0,4;14,1;4,3;0;0; ;
18700;0,859444444;8,4;1,7;14;0;0;0; ;
18700;0,901111111;9,1;4,6;14,4;0;0;0; ;
18700;0,942777778;5,6;0,9;10,5;0;0;0; ;
18700;0,984444444;3,7;-1,4;8,3;0;0;0; ;
18700;24.04.2016;3,2;0,7;8,1;0,5;0;0; ;
18700;25.04.2016;3,6;-0,2;8,9;0,4;0;0; ;
18700;26.04.2016;4,8;1,1;9;0,1;0;0; ;
18700;27.04.2016;6,1;0,8;10,9;0;0;0; ;
18700;28.04.2016;5;1,8;9,7;0;0;0; ;
18700;29.04.2016;5,4;0,9;9,4;12,1;0;0; ;
18700;30.04.2016;2,9;0,8;7,6;13,4;0;0; ;
18700;0,068472222;6,5;1,7;11,2;21,7;0;0; ;
18700;0,110138889;7,7;4,5;10,1;0;0;0; ;
18700;0,151805556;8,1;6,9;11,3;3;0;0; ;
18700;0,193472222;8,8;0,8;16,2;1,1;0;0; ;
18700;0,235138889;9,4;3,6;14,9;0;0;0; ;
18700;0,276805556;10,7;3,2;16,8;0;0;0; ;
18700;0,318472222;13,4;4,4;21;0;0;0; ;
18700;0,360138889;16,2;7,1;23,5;0;0;0; ;
18700;0,401805556;17,2;7,5;25;0;0;0; ;
18700;0,443472222;17,5;8,7;25,3;0;0;0; ;
18700;0,485138889;13,4;8;22,1;0;0;0; ;
18700;0,526805556;13,2;6,9;18,4;0;0;0; ;
18700;0,568472222;8,9;5,9;15,6;0;0;0; ;
18700;0,610138889;8,7;4,7;13,1;0;0;0; ;
18700;0,651805556;9,9;5,3;14,3;0;0;0; ;
18700;0,693472222;11,3;5,6;17,7;0;0;0; ;
18700;0,735138889;11,6;2,7;17,8;0;0;0; ;
18700;0,776805556;11,7;6,9;17,4;0;0;0; ;
18700;0,818472222;12;9,5;16,7;0;0;0; ;
18700;0,860138889;10,9;10;13,1;0,6;0;0; ;
18700;0,901805556;11,5;8,8;16,1;1,8;0;0; ;
18700;0,943472222;13,1;10,6;14,9;3,5;0;0; ;
18700;0,985138889;13,8;13;15,1;9,4;0;0; ;
18700;24.05.2016;11,2;9,7;13,2;27;0;0; ;
18700;25.05.2016;13,2;8,3;18;0,3;0;0; ;
18700;26.05.2016;13,8;8,1;19,3;0,2;0;0; ;
18700;27.05.2016;15,5;12,1;21;0;0;0; ;
18700;28.05.2016;13,6;11,1;18,3;0;0;0; ;
18700;29.05.2016;13,3;12,5;15,9;0,1;0;0; ;
18700;30.05.2016;16;12,6;20,6;3;0;0; ;
18700;31.05.2016;20,7;15,5;26,4;1,8;0;0; ;
18700;0,069166667;22,2;16,5;28,3;0;0;0; ;
18700;0,110833333;22,6;17,1;27,5;0;0;0; ;
18700;0,1525;22,6;15,6;29,1;0;0;0; ;
18700;0,194166667;17,4;13,4;26,7;4,7;0;0; ;
18700;0,235833333;17,3;13;22;0;0;0; ;
18700;0,2775;16,3;10,4;21,2;0;0;0; ;
18700;0,319166667;17,2;15;23,4;0;0;0; ;
18700;0,360833333;14,8;12,2;19,3;0,2;0;0; ;
18700;0,4025;12,5;6,4;18,6;0;0;0; ;
18700;0,444166667;12,2;7,7;16,3;0,2;0;0; ;
18700;0,485833333;13,7;6,1;19,3;0;0;0; ;
18700;0,5275;15,6;9,1;21,8;0;0;0; ;
18700;0,569166667;17,3;7,9;23,3;0;0;0; ;
18700;0,610833333;18,4;10,8;23,6;0;0;0; ;
18700;0,6525;14,1;12,1;21,2;0;0;0; ;
18700;0,694166667;19,3;13,5;25,3;11,6;0;0; ;
18700;0,735833333;15,8;14,7;22,2;0,7;0;0; ;
18700;0,7775;16,9;12,5;20,5;1,8;0;0; ;
18700;0,819166667;14,1;9,8;19,2;4,1;0;0; ;
18700;0,860833333;13,8;12,3;16,7;0;0;0; ;
18700;0,9025;17,4;13,2;23,1;24,3;0;0; ;
18700;0,944166667;16,2;10,5;21,7;0;0;0; ;
18700;0,985833333;16,7;14,2;21,3;0;0;0; ;
18700;24.06.2016;17,4;14,6;19,8;0,1;0;0; ;
18700;25.06.2016;19,9;15,5;25;0,2;0;0; ;
18700;26.06.2016;17,5;15,3;22,1;0,4;0;0; ;
18700;27.06.2016;14,9;12,8;17,7;5,2;0;0; ;
18700;28.06.2016;16,6;12,4;21,2;5,7;0;0; ;
18700;29.06.2016;14,8;10,5;19,4;0;0;0; ;
18700;30.06.2016;14,7;12,7;17,9;1,9;0;0; ;
18700;0,069861111;13,7;11,8;16,5;5,5;0;0; ;
18700;0,111527778;13,5;11,8;17,3;5,9;0;0; ;
18700;0,153194444;13,6;9,2;19,3;8,1;0;0; ;
18700;0,194861111;15,2;9,1;21,6;0,8;0;0; ;
18700;0,236527778;14,8;10;21,4;0,1;0;0; ;
18700;0,278194444;16,6;11,2;22,2;3,1;0;0; ;
18700;0,319861111;16,3;11,4;21,2;0,4;0;0; ;
18700;0,361527778;18;13,9;23,8;0,2;0;0; ;
18700;0,403194444;17,9;13,4;23,4;0;0;0; ;
18700;0,444861111;17,2;12,8;21,8;0;0;0; ;
18700;0,486527778;16,7;14,3;21,7;0,2;0;0; ;
18700;0,528194444;16,5;14,4;23;5,8;0;0; ;
18700;0,569861111;16,2;13;20,7;2,9;0;0; ;
18700;0,611527778;17,2;14,3;21,4;10,9;0;0; ;
18700;0,653194444;19,1;14,7;24,3;5;0;0; ;
18700;0,694861111;17,8;15,2;22,1;0,2;0;0; ;
18700;0,736527778;14,9;8,4;20,2;0,3;0;0; ;
18700;0,778194444;16,4;9,2;22;0,1;0;0; ;
18700;0,819861111;16,6;11,2;20,9;0,1;0;0; ;
18700;0,861527778;20;13,3;26,2;0,3;0;0; ;
18700;0,903194444;21,8;15,2;27,8;0;0;0; ;
18700;0,944861111;21,3;17,1;26,8;0;0;0; ;
18700;0,986527778;20,1;16,1;23,8;0;0;0; ;
18700;24.07.2016;20,5;15;26,3;0;0;0; ;
18700;25.07.2016;19,3;16,1;26;0;0;0; ;
18700;26.07.2016;18,1;16,2;21,1;6;0;0; ;
18700;27.07.2016;16,3;12;21,1;0,2;0;0; ;
18700;28.07.2016;18,1;14,1;22,6;11,8;0;0; ;
18700;29.07.2016;16,5;14,5;20,2;0;0;0; ;
18700;30.07.2016;16,6;13,4;22,2;13,8;0;0; ;
18700;31.07.2016;15,8;9,2;21,4;3,6;0;0; ;
18700;0,070555556;15,2;9,1;21;0;0;0; ;
18700;0,112222222;15,9;10,6;21,7;0,1;0;0; ;
18700;0,153888889;15,3;10;20,9;0,2;0;0; ;
18700;0,195555556;15,5;12,6;20,8;14,8;0;0; ;
18700;0,237222222;16,7;14,6;21,9;12,4;0;0; ;
18700;0,278888889;16;14;18,5;12,4;0;0; ;
18700;0,320555556;15,5;13,6;18,4;16,8;0;0; ;
18700;0,362222222;14,7;13,2;18,1;7,2;0;0; ;
18700;0,403888889;13,3;10,7;18,8;14,3;0;0; ;
18700;0,445555556;10,9;7,6;17,4;26,1;0;0; ;
18700;0,487222222;12,7;7,3;18,4;1,2;0;0; ;
18700;0,528888889;11,7;6,6;14,7;0;0;0; ;
18700;0,570555556;15,9;12,2;20,2;6;0;0; ;
18700;0,612222222;16,4;12,5;21,2;0;0;0; ;
18700;0,653888889;16,4;11,5;22,2;0;0;0; ;
18700;0,695555556;17,4;13;23,2;0;0;0; ;
18700;0,737222222;18,9;13,1;23,8;0;0;0; ;
18700;0,778888889;17,6;13;23;0;0;0; ;
18700;0,820555556;16,7;13,7;21,9;0;0;0; ;
18700;0,862222222;16,2;13,7;20,8;2,8;0;0; ;
18700;0,903888889;16,3;14,2;21,7;15;0;0; ;
18700;0,945555556;15,9;12,3;20,6;0;0;0; ;
18700;0,987222222;17,8;13,7;22,9;0,6;0;0; ;
18700;24.08.2016;16,2;15,3;19,2;0;0;0; ;
18700;25.08.2016;17,4;15,9;18,5;0;0;0; ;
18700;26.08.2016;17,8;16,6;20,6;12,8;0;0; ;
18700;27.08.2016;16,3;11,1;21,5;0;0;0; ;
18700;28.08.2016;12,5;9;17,2;0;0;0; ;
18700;29.08.2016;12,2;10,7;17,2;0,3;0;0; ;
18700;30.08.2016;13,1;6,8;17,6;0,7; ;0; ;
18700;31.08.2016;16;10,8;21,3;0;0;0; ;
18700;0,07125;16,1;12,8;21,7;0;0;0; ;
18700;0,112916667;14,7;10,4;19;0;0;0; ;
18700;0,154583333;15,9;13,6;21,3;0,1;0;0; ;
18700;0,19625;14;7,2;19,7;0;0;0; ;
18700;0,237916667;14,1;8,1;20;0;0;0; ;
18700;0,279583333;15,5;10;18,8;0;0;0; ;
18700;0,32125;18,1;13,3;23,4;0;0;0; ;
18700;0,362916667;17,4;11,1;23,2;0;0;0; ;
18700;0,404583333;17;16,4;19,8;0;0;0; ;
18700;0,44625;16,8;13,4;18;0,4;0;0; ;
18700;0,487916667;16,4;14,5;21,9;6;0;0; ;
18700;0,529583333;13,6;6,8;18,8;0;0;0; ;
18700;0,57125;17,2;14,4;22,5;0;0;0; ;
18700;0,612916667;17,6;12,9;23,4;0;0;0; ;
18700;0,654583333;18,5;15,5;23,3;0;0;0; ;
18700;0,69625;16,9;15,8;19,8;0,1;0;0; ;
18700;0,737916667;14,6;11,9;19,3;0,1;0;0; ;
18700;0,779583333;13,8;8,7;20,1;0;0;0; ;
18700;0,82125;13,8;8,6;20,9;0;0;0; ;
18700;0,862916667;14,8;9,1;21,6;0;0;0; ;
18700;0,904583333;14,9;12,5;17,2;0;0;0; ;
18700;0,94625;14,3;13,8;15,4;1,5;0;0; ;
18700;0,987916667;11,8;10,7;13,9;0,7;0;0; ;
18700;24.09.2016;11,2;5;15,5;19,5;0;0; ;
18700;25.09.2016;15,6;13,8;18,7;0;0;0; ;
18700;26.09.2016;14,2;13,3;19,6;0;0;0; ;
18700;27.09.2016;12,9;9,2;15,6;1,2;0;0; ;
18700;28.09.2016;13,8;11,5;17,1;2,9;0;0; ;
18700;29.09.2016;13,1;9,6;18,2;8,3;0;0; ;
18700;30.09.2016;11;8,3;14,2;0,2;0;0; ;
18700;0,071944444;8,8;3,1;15;0;0;0; ;
18700;0,113611111;8,7;3,5;13,5;0;0;0; ;
18700;0,155277778;7,7;2,7;13,7;0;0;0; ;
18700;0,196944444;7;2;11,9;0;0;0; ;
18700;0,238611111;6,1;0;13;0;0;0; ;
18700;0,280277778;8,5;1,1;13,4;0;0;0; ;
18700;0,321944444;10,7;8,8;14,4;0;0;0; ;
18700;0,363611111;7,8;6,7;11,3;0,1;0;0; ;
18700;0,405277778;6,3;5;7,1;0;0;0; ;
18700;0,446944444;6,9;6,1;9,2;0;0;0; ;
18700;0,488611111;5,1;4,6;6,2;0;0;0; ;
18700;0,530277778;3,4;2,8;4,7;0;0;0; ;
18700;0,571944444;3;2,7;4,1;0;0;0; ;
18700;0,613611111;0,9;0;2,8;0;0;0; ;
18700;0,655277778;4,2;0,9;4,9;0;0;0; ;
18700;0,696944444;6,1;4,8;7,2;0;0;0; ;
18700;0,738611111;6,4;5,8;6,9;2,6;0;0; ;
18700;0,780277778;7;6,7;7,4;1,7;0;0; ;
18700;0,821944444;7,7;6,6;8,6;0,7;0;0; ;
18700;0,863611111;6,8;6,1;8,3;0,1;0;0; ;
18700;0,905277778;5,1;4,6;6,5;0,3;0;0; ;
18700;0,946944444;3,6;1,8;5,4;0,1;0;0; ;
18700;0,988611111;3,9;2,1;4,9;1,5;0;0; ;
18700;24.10.2016;5,4;4,3;6,6;0,8;0;0; ;
18700;25.10.2016;4,9;3,3;7;4,5;0;0; ;
18700;26.10.2016;4,9;1,1;7,7;0;0;0; ;
18700;27.10.2016;8;6;9,4;0,8;0;0; ;
18700;28.10.2016;7,9;5,4;11,1;0;0;0; ;
18700;29.10.2016;5,3;0,7;10,9;0;0;0; ;
18700;30.10.2016;4,6;0,6;9,3;0;0;0; ;
18700;31.10.2016;5,9;4,7;8;0;0;0; ;
18700;0,072638889;4,3;2,8;6,3;8,8;0;0; ;
18700;0,114305556;2,3;1,4;4,8;1,2;0;0; ;
18700;0,155972222;-0,9;-3,9;2,8;0;0;0; ;
18700;0,197638889;-0,6;-2,5;0,4;0;0;0; ;
18700;0,239305556;0;-1,2;1,3;4,5;8;4; ;
18700;0,280972222;-2,6;-3,1;0,2;3,9;7;4; ;
18700;0,322638889;-5,7;-7,2;-2,9;0;5;4; ;
18700;0,364305556;-4,5;-6,4;-3,4;0;5;4; ;
18700;0,405972222;-3,6;-4,3;-2,2;0,2;2;4; ;
18700;0,447638889;-3;-5,1;-1,7;1,1;4;4; ;
18700;0,489305556;-5,3;-8,1;-1,9;0;5;4; ;
18700;0,530972222;-3,6;-7,4;-1,3;0;4;4; ;
18700;0,572638889;2,4;-1,3;3,7;0,4;2;4; ;
18700;0,614305556;4,1;1,6;6;0;0;1; ;
18700;0,655972222;3,6;1,7;6,1;11,7;0;0; ;
18700;0,697638889;3,1;0,3;6,1;0,1;0;1; ;
18700;0,739305556;2,1;-0,3;6,1;9,7;0;0; ;
18700;0,780972222;3,9;2;6,2;5,1;0;0; ;
18700;0,822638889;2;-0,2;4,2;5;0;0; ;
18700;0,864305556;2,8;1,5;4;6,1;0;0; ;
18700;0,905972222;2,8;1;4;5,1;0;0; ;
18700;0,947638889;4,5;2,9;6,1;0,9;0;0; ;
18700;0,989305556;6,5;4,4;8,4;4,8;0;0; ;
18700;24.11.2016;1,1;-1;5,9;0;0;0; ;
18700;25.11.2016;3,1;-1,3;5,4;1,2;0;0; ;
18700;26.11.2016;5,4;2,6;9,1;0;0;0; ;
18700;27.11.2016;2,6;-0,1;6,2;0;0;0; ;
18700;28.11.2016;-1,3;-2,9;2,4;0;0;0; ;
18700;29.11.2016;-2,7;-4,1;-1,1;0;0;0; ;
18700;30.11.2016;-0,5;-3,8;3,8;0;0;0; ;
18700;0,073333333;0,7;-3,2;5,4;0,2;0;1; ;
18700;0,115;1,4;-1,6;5,3;0;0;0; ;
18700;0,156666667;-1,7;-3,9;0,3;0;0;0; ;
18700;0,198333333;-2;-4,7;-0,2;0;0;0; ;
18700;0,24;4,5;-1;9;0;0;0; ;
18700;0,281666667;-1,7;-3,3;3,9;0;0;0; ;
18700;0,323333333;2;-3,4;4;0;0;0; ;
18700;0,365;5,7;3,8;11,5;10,3;0;0; ;
18700;0,406666667;3,4;1,2;6,2;0;0;0; ;
18700;0,448333333;2,1;0,2;4,4;0,3;0;0; ;
18700;0,49;0,5;-0,5;1,8;4,1;0;0; ;
18700;0,531666667;-1,1;-1,7;0,3;0,1;0;0; ;
18700;0,573333333;-1,6;-3;0,2;0,1;0;0; ;
18700;0,615;-3,8;-4,7;0,2;0;0;0; ;
18700;0,656666667;-4,8;-8,3;-3,1;0,1;0;0; ;
18700;0,698333333;-0,5;-3,1;0,2;0;0;0; ;
18700;0,74;-1;-1,5;0,3;0,3;0;0; ;
18700;0,781666667;-2,9;-5,1;-1,4;0,1;0;0; ;
18700;0,823333333;0,8;-1,7;2,6;0;0;0; ;
18700;0,865;2,5;0,8;4,5;0,8;0;0; ;
18700;0,906666667;3,5;1,7;5,5;0,2;0;0; ;
18700;0,948333333;3,1;1,2;5,7;0,3;0;0; ;
18700;0,99;2;-1,1;4,2;0;0;0; ;
18700;24.12.2016;3;1,5;6,5;2,6;0;0; ;
18700;25.12.2016;3,2;-0,9;5,1;0;0;0; ;
18700;26.12.2016;3;0,7;5,8;0;0;0; ;
18700;27.12.2016;3;-2,2;8,1;0;0;0; ;
18700;28.12.2016;-1,4;-2,7;0,2;0;0;0; ;
18700;29.12.2016;-0,8;-2,8;0,5;0;0;0; ;
18700;30.12.2016;2,8;-2;6,1;0;0;0; ;
18700;31.12.2016;5,4;3,4;8,3;0;0;0; ;
18700;0,065706019;1,1;-2,1;5,1;0,1;0;0; ;
18700;0,107372685;-2,8;-4,4;2,9;0;0;0; ;
18700;0,149039352;-2,5;-5,6;2,3;0;0;0; ;
18700;0,190706019;-3,1;-5,2;1,9;0;0;0; ;
18700;0,232372685;-10,1;-12,1;-5,2;0,2;0;1; ;
18700;0,274039352;-5,4;-12,6;-0,4;0;0;1; ;
18700;0,315706019;-0,4;-3,2;3;2,9;1;4; ;
18700;0,357372685;-3,3;-6,8;-1,6;0;1;4; ;
18700;0,399039352;0,5;-3;2,7;0;1;4; ;
18700;0,440706019;2,6;1,3;4,6;2,7;0;0; ;
18700;0,482372685;2,9;1,3;5,5;6,4;0;0; ;
18700;0,524039352;1;-0,4;2,8;8,6;0;0; ;
18700;0,565706019;-3;-4,7;1,8;0,1;0;0; ;
18700;0,607372685;-3,1;-6,7;0,4;0;0;0; ;
18700;0,649039352;-4,9;-6,6;-0,6;0;0;0; ;
18700;0,690706019;-5,5;-8,8;-0,2;0;0;0; ;
18700;0,732372685;-3,3;-6,7;-1,8;0,4;0;3; ;
18700;0,774039352;-2,8;-4,7;-1,8;0,7;0;3; ;
18700;0,815706019;-0,2;-3,4;2,6;0,1;0;3; ;
18700;0,857372685;2,2;0,5;5,4;0;0;3; ;
18700;0,899039352;0,8;-0,7;5,3;0;0;3; ;
18700;0,940706019;0;-2,4;1,1;0,1;0;3; ;
18700;0,982372685;-3,1;-3,6;0,2;0,5;0;1; ;
18700;24.01.2017;-3,6;-6;-1,5;0,2;0;1; ;
18700;25.01.2017;-0,7;-2,1;0,7;0;0;3; ;
18700;26.01.2017;1,4;-0,8;2,5;0;0;1; ;
18700;27.01.2017;-0,1;-0,6;1,1;0,2;0;1; ;
18700;28.01.2017;-0,1;-0,6;0,4;0,3;0;1; ;
18700;29.01.2017;-0,2;-1,6;0,5;0,1;0;1; ;
18700;30.01.2017;1,6;0,1;3,2;2;0;3; ;
18700;31.01.2017;-0,8;-1,5;0,8;0,1;0;1; ;
18700;0,066400463;-0,3;-0,8;0;0,1;0;1; ;
18700;0,10806713;-0,3;-0,7;0,3;1,6;0;1; ;
18700;0,149733796;0,1;-0,8;0,7;2,7;3;4; ;
18700;0,191400463;-0,3;-0,9;0,5;0,3;1;4; ;
18700;0,23306713;0,3;-0,9;0,6;1,1;3;4; ;
18700;0,274733796;-0,6;-2;1;1,1;5;4; ;
18700;0,316400463;-5,8;-6,4;-2;0,2;5;4; ;
18700;0,35806713;-6,8;-7,9;-6;0,1;5;4; ;
18700;0,399733796;-5,5;-7;-4,4;0,1;5;4; ;
18700;0,441400463;-4,2;-5,2;-3,7;1,6;9;4; ;
18700;0,48306713;-3,1;-4,5;-1,3;0,3;8;4; ;
18700;0,524733796;-4,4;-7,7;-1,9;0;8;4; ;
18700;0,566400463;-3,9;-6,8;-0,3;0;6;4; ;
18700;0,60806713;-3,7;-7,3;1,8;0;6;4; ;
18700;0,649733796;-4,4;-5,9;-2,7;0;6;4; ;
18700;0,691400463;-2,2;-4,9;0;0;7;4; ;
18700;0,73306713;-1,3;-4,3;4,5;0,1;6;4; ;
18700;0,774733796;-2,6;-4,7;-0,7;0,1;7;4; ;
18700;0,816400463;1,7;-0,7;4,9;0,8;6;4; ;
18700;0,85806713;3;0,8;5,4;0;4;4; ;
18700;0,899733796;2,8;1,7;5,2;0;4;3; ;
18700;0,941400463;1;-0,3;5,1;11,2;18;4; ;
18700;0,98306713;-0,8;-3,1;3,9;3,8;15;4; ;
18700;24.02.2017;-2,2;-8,5;3,6;0,1;15;4; ;
18700;25.02.2017;-3,1;-9,5;0,5;0;15;4; ;
18700;26.02.2017;0;-2,8;4,5;10,8;23;4; ;
18700;27.02.2017;2,5;-1,1;4,4;4,1;21;4; ;
18700;28.02.2017;3,1;2,1;4,9;14,4;12;4; ;
18700;0,067094907;2,2;0,6;4,9;9,9;10;4; ;
18700;0,108761574;-0,9;-2,1;2,3;0;10;4; ;
18700;0,150428241;-0,4;-1,3;0,8;0,5;10;3; ;
18700;0,192094907;-0,1;-1,3;1,3;0,7;10;4; ;
18700;0,233761574;-1,5;-2,7;0,9;0,4;10;4; ;
18700;0,275428241;-2,4;-3,7;0,3;0;11;4; ;
18700;0,317094907;-2,9;-5,7;0,2;0,1;11;3; ;
18700;0,358761574;-2,5;-5;0,7;0;11;3; ;
18700;0,400428241;0,8;-2,9;2,4;5;16;4; ;
18700;0,442094907;3,1;-1,1;7,8;0,2;11;4; ;
18700;0,483761574;1,8;-2,6;6,9;0;10;4; ;
18700;0,525428241;2,5;0,9;4,2;1,7;10;3; ;
18700;0,567094907;2,1;1,1;3;0,1;9;3; ;
18700;0,608761574;4;1,4;9,6;1,8;8;3; ;
18700;0,650428241;6,8;3,3;10,9;1,1;4;1; ;
18700;0,692094907;4;-0,9;7,4;0;0;1; ;
18700;0,733761574;5,1;1,9;9,5;0;0;1; ;
18700;0,775428241;1,6;-3;6,8;0;0;1; ;
18700;0,817094907;0,7;-3,3;4,5;0;0;1; ;
18700;0,858761574;1,8;-0,1;3,7;3,4;7;1; ;
18700;0,900428241;3,2;1,4;7,1;6,4;0;0; ;
18700;0,942094907;3;-1,6;8,4;0,1;0;0; ;
18700;0,983761574;2,7;-3,7;9,2;0;0;0; ;
18700;24.03.2017;2,3;-1,4;8,6;0;0;0; ;
18700;25.03.2017;6,2;-0,9;13,1;0;0;0; ;
18700;26.03.2017;10,4;1,6;20;0;0;0; ;
18700;27.03.2017;9,4;1,8;19,3;0;0;0; ;
18700;28.03.2017;7,8;4,1;14,3;0;0;0; ;
18700;29.03.2017;4;3;8,5;0;0;0; ;
18700;30.03.2017;2,9;-0,8;4,2;0;0;0; ;
18700;31.03.2017;3,1;2,1;3,8;9,1;0;0; ;
18700;0,067789352;5,9;3,5;11,6;10,9;0;0; ;
18700;0,109456019;7,3;2,4;15,2;0,1;0;0; ;
18700;0,151122685;5,6;1,9;11,7;0;0;0; ;
18700;0,192789352;5,5;3,5;8,7;0,1;0;0; ;
18700;0,234456019;7;3,5;11,2;0;0;0; ;
18700;0,276122685;5,7;0,7;11,5;0,1;0;0; ;
18700;0,317789352;10,4;1,6;17,6;0;0;0; ;
18700;0,359456019;9,1;3,4;15,9;0;0;0; ;
18700;0,401122685;7,9;2,7;15;0;0;0; ;
18700;0,442789352;8,7;5,9;14,1;0,3;0;0; ;
18700;0,484456019;6,8;2,9;11,7;0;0;0; ;
18700;0,526122685;5,1;1,4;9,7;3,1;0;0; ;
18700;0,567789352;2,8;1,7;5,9;5,4;0;0; ;
18700;0,609456019;0,5;-0,5;2,9;9,9;0;0; ;
18700;0,651122685;-0,4;-4,4;2;0;0;0; ;
18700;0,692789352;1,6;-2,7;5,1;0;0;0; ;
18700;0,734456019;2,2;-0,3;5;0,4;0;3; ;
18700;0,776122685;2,7;-1,7;8,3;0;0;0; ;
18700;0,817789352;4,6;-3;10,5;0;0;0; ;
18700;0,859456019;7,3;1,6;12,1;0;0;0; ;
18700;0,901122685;7,2;2;12;0;0;0; ;
18700;0,942789352;6,9;3;11;0,1;0;0; ;
18700;0,984456019;4,9;-1,1;9,3;0;0;0; ;
18700;24.04.2017;1,6;0,4;7,3;4,9;2;4; ;
18700;25.04.2017;3,4;0,7;6,7;17,9;3;4; ;
18700;26.04.2017;5;1,4;10,1;0;0;0; ;
18700;27.04.2017;3,2;-1,3;8,4;0;0;0; ;
18700;28.04.2017;3,9;0,7;7,4;0,4;0;0; ;
18700;29.04.2017;5,7;1,1;10,7;3,4;0;0; ;
18700;30.04.2017;6,6;-0,9;13,1;0;0;0; ;
18700;0,068483796;7,7;1,8;14,4;0;0;0; ;
18700;0,110150463;11,5;1,8;19,1;0;0;0; ;
18700;0,15181713;11,9;7,2;17;0;0;0; ;
18700;0,193483796;11,6;6,3;16,5;0;0;0; ;
18700;0,235150463;15,5;7,4;22;0;0;0; ;
18700;0,27681713;16,7;10,7;22,4;0;0;0; ;
18700;0,318483796;9,4;6,3;20,4;1,4;0;0; ;
18700;0,360150463;6;3,8;9,9;0,2;0;0; ;
18700;0,40181713;5,3;0,2;9,5;0;0;0; ;
18700;0,443483796;2;1;6,9;5,6;0;0; ;
18700;0,485150463;3,6;0,7;6,8;22;0;3; ;
18700;0,52681713;6,2;2,5;11,6;0,3;0;0; ;
18700;0,568483796;8,6;3,2;13,6;0;0;0; ;
18700;0,610150463;9;6,8;10,8;0,5;0;0; ;
18700;0,65181713;9;7,9;11,5;2,7;0;0; ;
18700;0,693483796;8;5,7;10;1,4;0;0; ;
18700;0,735150463;11,3;9,6;13,6;19;0;0; ;
18700;0,77681713;13,5;10,9;16,2;17,7;0;0; ;
18700;0,818483796;14,9;10,4;20,1;3,7;0;0; ;
18700;0,860150463;15,6;13,6;19,3;0;0;0; ;
18700;0,90181713;13,7;10,7;18,8;1,2;0;0; ;
18700;0,943483796;12,2;8,3;18,9;0,2;0;0; ;
18700;0,985150463;13,3;5;20,2;0;0;0; ;
18700;24.05.2017;15,3;7;22,2;0;0;0; ;
18700;25.05.2017;16,1;9,4;22,6;0;0;0; ;
18700;26.05.2017;17,5;10,5;23,4;0;0;0; ;
18700;27.05.2017;16,9;10;23,6;0;0;0; ;
18700;28.05.2017;15,3;10,9;19,7;0;0;0; ;
18700;29.05.2017;16,8;10,9;23,9;0;0;0; ;
18700;30.05.2017;12,9;11,9;16,5;1,2;0;0; ;
18700;31.05.2017;13;9,8;18,1;1,1;0;0; ;
18700;0,069178241;12,1;3,5;18,8;1,2;0;0; ;
18700;0,110844907;10,3;9,1;14,3;0,1;0;0; ;
18700;0,152511574;11,3;8,6;13,4;1,2;0;0; ;
18700;0,194178241;12,6;12,2;13,1;0,1;0;0; ;
18700;0,235844907;14,5;8,3;19,2;7,7;0;0; ;
18700;0,277511574;15,2;11,4;19,7;2,9;0;0; ;
18700;0,319178241;13,5;10,9;16,6;0,4;0;0; ;
18700;0,360844907;13;10,9;16,4;12;0;0; ;
18700;0,402511574;12,4;10,3;15,4;5,9;0;0; ;
18700;0,444178241;14,3;13,2;16,4;29,6;0;0; ;
18700;0,485844907;13,3;12,3;14,6;9,1;0;0; ;
18700;0,527511574;15,4;11,4;21,2;3,7;0;0; ;
18700;0,569178241;16,4;11,6;22,2;0,1;0;0; ;
18700;0,610844907;17,4;10,7;23;2,8;0;0; ;
18700;0,652511574;16,8;11,1;22,6;0;0;0; ;
18700;0,694178241;16;13,8;18,8;0,5;0;0; ;
18700;0,735844907;18,1;12;23,4;2,3;0;0; ;
18700;0,777511574;19,1;14,1;25,6;0,1;0;0; ;
18700;0,819178241;16;11,6;22,8;0;0;0; ;
18700;0,860844907;15,4;9,5;20,7;3,6; ;0; ;
18700;0,902511574;15,4;9;20,8;0; ;0; ;
18700;0,944178241;15,4;11,9;19,2;0,1; ;0; ;
18700;0,985844907;14,8;13;18;0; ;0; ;
18700;24.06.2017;16,6;13,3;22,1;5,9; ;0; ;
18700;25.06.2017;14,3;8,3;19,1;0; ;0; ;
18700;26.06.2017;14,9;10,2;19,6;0,2; ;0; ;
18700;27.06.2017;14,6;7,8;20,3;1,2; ;0; ;
18700;28.06.2017;16,3;8,5;22,3;0; ;0; ;
18700;29.06.2017;17,6;14,4;21,9;0; ;0; ;
18700;30.06.2017;19,4;12,8;24,3;0; ;0; ;
18700;0,069872685;20,4;14,2;26,3;0; ;0; ;
18700;0,111539352;17,9;13,5;23,9;0,1; ;0; ;
18700;0,153206019;16,2;13,8;21,5;0,1; ;0; ;
18700;0,194872685;15,7;11,6;21,2;0; ;0; ;
18700;0,236539352;15,5;9,7;21,4;0,6; ;0; ;
18700;0,278206019;16;11,8;22,1;0; ;0; ;
18700;0,319872685;16,4;13,2;23,5;0; ;0; ;
18700;0,361539352;15,9;13,3;20,3;19,2; ;0; ;
18700;0,403206019;17,1;14,3;21,4;3,7; ;0; ;
18700;0,444872685;14,8;13,9;17,5;0,4; ;0; ;
18700;0,486539352;15,4;13,9;17,2;9,5; ;0; ;
18700;0,528206019;13,9;13;17,8;0,3; ;0; ;
18700;0,569872685;14,8;7;20,6;0,1; ;0; ;
18700;0,611539352;16,4;10,9;21,5;0; ;0; ;
18700;0,653206019;17,1;11,4;22,9;0; ;0; ;
18700;0,694872685;16,1;12,7;22,7;17; ;0; ;
18700;0,736539352;15,5;8,3;21,7;19,7; ;0; ;
18700;0,778206019;16,8;8,7;23,7;0; ;0; ;
18700;0,819872685;17,3;13,6;22,3;0; ;0; ;
18700;0,861539352;19,7;10,9;25,7;0; ;0; ;
18700;0,903206019;17,1;13,9;23,8;0; ;0; ;
18700;0,944872685;19,1;14,3;24,2;0,2; ;0; ;
18700;0,986539352;20,2;13,9;27,3;0; ;0; ;
18700;24.07.2017;17,7;15;21,9;0,6; ;0; ;
18700;25.07.2017;19,9;14,7;23,9;0; ;0; ;
18700;26.07.2017;18,6;15,5;22,3;1,3; ;0; ;
18700;27.07.2017;17,1;15,7;20,3;0,3; ;0; ;
18700;28.07.2017;16,5;13,7;20,9;15;0;0; ;
18700;29.07.2017;16;12,6;21;0; ;0; ;
18700;30.07.2017;16,2;14,1;19,8;0,7; ;0; ;
18700;31.07.2017;16,1;13,5;21,6;9,4; ;0; ;
18700;0,07056713;16,1;12,8;20,9;1,4; ;0; ;
18700;0,112233796;15,5;11,7;20,2;1,2; ;0; ;
18700;0,153900463;14,9;9,3;21,3;0,2; ;0; ;
18700;0,19556713;15,8;13,6;21,4;9,7; ;0; ;
18700;0,237233796;16,4;13,8;20,9;4; ;0; ;
18700;0,278900463;15,1;13,6;18,1;8,8; ;0; ;
18700;0,32056713;14,2;9,1;19,1;6,3; ;0; ;
18700;0,362233796;16,7;12,8;20,7;3,9; ;0; ;
18700;0,403900463;14,7;13,7;18,8;13;0;0; ;
18700;0,44556713;17,8;12,6;23,6;42,2; ;0; ;
18700;0,487233796;16,3;10,5;22,1;0;2;0; ;
18700;0,528900463;16;13,4;20,7;0,1; ;0; ;
18700;0,57056713;15,2;11,2;20,4;0,7; ;0; ;
18700;0,612233796;14,8;6,9;20,2;0; ;0; ;
18700;0,653900463;15,4;12,7;19,6;0; ;0; ;
18700;0,69556713;17,4;14,1;22,5;29,4; ;0; ;
18700;0,737233796;16,2;12,5;19,7;0; ;0; ;
18700;0,778900463;16,2;14;20,1;14,5; ;0; ;
18700;0,82056713;15,4;13,7;19,5;6; ;0; ;
18700;0,862233796;15,3;12,2;19,9;0,2; ;0; ;
18700;0,903900463;15,2;10,9;21,1;0; ;0; ;
18700;0,94556713;13,6;10,5;18;0,4;0;0; ;
18700;0,987233796;13,9;7;19,7;0; ;0; ;
18700;24.08.2017;13,4;10,5;17,1;0; ;0; ;
18700;25.08.2017;15,1;11,4;19,3;8,6; ;0; ;
18700;26.08.2017;14;11,8;19;0; ;0; ;
18700;27.08.2017;13,9;7,1;20,6;0; ;0; ;
18700;28.08.2017;15,3;9,3;20,3;0; ;0; ;
18700;29.08.2017;16,3;15;17,4;8,1; ;0; ;
18700;30.08.2017;14,2;8,7;18,8;0,2; ;0; ;
18700;31.08.2017;12,5;10,5;15,3;0; ;0; ;
18700;0,071261574;12,5;9,1;18,3;0,9; ;0; ;
18700;0,112928241;13,6;9;18,9;0; ;0; ;
18700;0,154594907;14,3;10,7;18,5;0; ;0; ;
18700;0,196261574;11,7;10,7;14,6;0; ;0; ;
18700;0,237928241;12,5;10,4;13,6;0,3; ;0; ;
18700;0,279594907;12,4;11,7;13,6;6,8; ;0; ;
18700;0,321261574;11,1;9,8;13,5;25,9; ;0; ;
18700;0,362928241;11,2;9,2;13,5;0; ;0; ;
18700;0,404594907;11,6;10;15,3;6,3; ;0; ;
18700;0,446261574;12,4;9,6;16,6;9,3; ;0; ;
18700;0,487928241;12,7;11,5;14,2;12,7; ;0; ;
18700;0,529594907;13,2;11;15,9;16; ;0; ;
18700;0,571261574;11,9;10,1;17,3;6,2; ;0; ;
18700;0,612928241;11,9;9,2;17,2;8,2; ;0; ;
18700;0,654594907;12;7,3;18,6;0,1; ;0; ;
18700;0,696261574;12,5;7,8;17,6;0,5; ;0; ;
18700;0,737928241;12;9,2;16,4;0,1; ;0; ;
18700;0,779594907;12,5;9,3;16,4;0; ;0; ;
18700;0,821261574;11,4;9,3;14;0,6; ;0; ;
18700;0,862928241;9,4;7,6;12,4;0,2; ;0; ;
18700;0,904594907;8,7;6,6;10,8;2,8; ;0; ;
18700;0,946261574;11,5;8,9;14,8;0; ;0; ;
18700;0,987928241;12,2;10,9;13,5;2,3; ;0; ;
18700;24.09.2017;13,4;12,4;14,4;0; ;0; ;
18700;25.09.2017;13,7;13,2;14,8;0,1; ;0; ;
18700;26.09.2017;13,1;12;14,8;0; ;0; ;
18700;27.09.2017;13,6;12,7;15,6;0,6; ;0; ;
18700;28.09.2017;12,8;11,6;14;0; ;0; ;
18700;29.09.2017;11,4;10,7;14,2;0; ;0; ;
18700;30.09.2017;12;10;14,4;0; ;0; ;
18700;0,071956019;11,3;9,5;13,9;0; ;0; ;
18700;0,113622685;11,6;10,1;15,3;10,4; ;0; ;
18700;0,155289352;11,8;9,5;15,6;10,1; ;0; ;
18700;0,196956019;7,5;5,8;12,4;0; ;0; ;
18700;0,238622685;6,9;1,5;13,6;2,9;0;0; ;
18700;0,280289352;9,9;3,4;16,9;0;0;0; ;
18700;0,321956019;7,9;4,4;13,4;0;0;0; ;
18700;0,363622685;7,9;1,2;13,3;0;0;0; ;
18700;0,405289352;6,6;2,3;11,2;0;0;0; ;
18700;0,446956019;4,7;0,4;9;0;0;0; ;
18700;0,488622685;5,1;0,8;8,1;2,6;0;0; ;
18700;0,530289352;9,2;7,5;13,2;19,2;0;0; ;
18700;0,571956019;7,3;2,2;10,1;0;0;0; ;
18700;0,613622685;10,9;9,1;14,5;9,3;0;0; ;
18700;0,655289352;9,6;5,3;13,2;0;0;0; ;
18700;0,696956019;12,2;9,2;16,8;1,4;0;0; ;
18700;0,738622685;9,5;7,1;13,6;4,7;0;0; ;
18700;0,780289352;5,9;1,9;12,2;2,5;0;0; ;
18700;0,821956019;4,8;-0,5;9,5;0;0;0; ;
18700;0,863622685;6,4;5,2;7,2;0,2;0;0; ;
18700;0,905289352;6,9;6,2;7,7;1,4;0;0; ;
18700;0,946956019;5,1;4,5;7,7;4,8;0;0; ;
18700;0,988622685;4,1;2,5;5,6;4,5;0;0; ;
18700;24.10.2017;4,3;3,7;4,7;0,3;0;0; ;
18700;25.10.2017;4,2;1,7;7,1;35,5;0;0; ;
18700;26.10.2017;5,6;0,7;9,4;0,2;0;0; ;
18700;27.10.2017;5,8;1,9;7,9;0,3;0;0; ;
18700;28.10.2017;8,1;4,5;12,9;0;0;0; ;
18700;29.10.2017;5,8;4,7;9,1;0,5;0;0; ;
18700;30.10.2017;2,4;-1,3;5;0;0;0; ;
18700;31.10.2017;3,4;0,3;7,6;0;0;0; ;
18700;0,072650463;4,4;1,7;6,2;0;0;0; ;
18700;0,11431713;4,8;2,4;10,9;0,3;0;0; ;
18700;0,155983796;2,9;-1,1;8;0;0;0; ;
18700;0,197650463;3,6;0,4;7,1;0;0;0; ;
18700;0,23931713;6,1;3,4;8,5;17,7;0;0; ;
18700;0,280983796;3,4;0,9;7,7;10,7;0;0; ;
18700;0,322650463;3;-0,1;5,9;0;0;0; ;
18700;0,36431713;5,9;4,4;8,1;0,7;0;0; ;
18700;0,405983796;6,6;5,4;8,8;0,5;0;0; ;
18700;0,447650463;2,6;1;5,7;0,3;0;0; ;
18700;0,48931713;-0,1;-2,4;4,6;5,8;0;0; ;
18700;0,530983796;-0,2;-4,1;3,2;0;0;0; ;
18700;0,572650463;1,1;-1,3;5;0;0;0; ;
18700;0,61431713;-0,9;-2,5;0,6;0;0;0; ;
18700;0,655983796;-0,3;-3;3;4,8;4;4; ;
18700;0,697650463;1,3;-3,1;6,3;0;4;4; ;
18700;0,73931713;3,6;0,3;6,8;5,7;0;1; ;
18700;0,780983796;0,6;-1,5;4,4;0;0;1; ;
18700;0,822650463;-0,3;-2,6;2,1;0,8;0;1; ;
18700;0,86431713;-2,6;-5,4;0,5;0;0;1; ;
18700;0,905983796;-3,8;-5,9;-1,4;0;0;1; ;
18700;0,947650463;-3,7;-7,4;-0,9;1,2;3;4; ;
18700;0,98931713;6;-1,1;9,1;17,4;4;4; ;
18700;24.11.2017;2,6;0,7;7,6;2,6;0;0; ;
18700;25.11.2017;0,9;-1;2,9;0,2;0;0; ;
18700;26.11.2017;2;0;3,7;0,7;0;0; ;
18700;27.11.2017;0,3;-0,5;2,5;1,7;0;0; ;
18700;28.11.2017;-0,5;-1,2;0;2,1;0;4; ;
18700;29.11.2017;-0,3;-1;0,6;4,9;0;4; ;
18700;30.11.2017;-0,6;-1,4;0,1;0,3;0;4; ;
18700;0,073344907;-2,8;-5;0,7;0;0;4; ;
18700;0,115011574;-4,3;-7,8;-2,4;0;0;0; ;
18700;0,156678241;-2,4;-4,7;1,6;0,2;0;4; ;
18700;0,198344907;-2,7;-4,9;0,3;0;0;4; ;
18700;0,240011574;-1;-5,1;2,4;0;0;4; ;
18700;0,281678241;0,4;0,1;3,1;2,6;5;4; ;
18700;0,323344907;4,9;0,3;8,4;1;4;4; ;
18700;0,365011574;3,9;2,3;6,1;0,3;0;0; ;
18700;0,406678241;1,2;-1,2;4,4;0;0;0; ;
18700;0,448344907;-4,5;-6,7;-1;0;0;0; ;
18700;0,490011574;-2;-4,7;-1,1;0,2;2;3; ;
18700;0,531678241;-5,1;-8;-1,9;0,1;2;3; ;
18700;0,573344907;-5;-10,4;-0,8;0;0;0; ;
18700;0,615011574;-0,6;-1,8;0,2;6;7;4; ;
18700;0,656678241;-1,3;-3,2;-0,1;0,4;7;4; ;
18700;0,698344907;-2,2;-2,8;-0,4;0;6;4; ;
18700;0,740011574;-8;-9,6;-2,5;1,3;6;4; ;
18700;0,781678241;-3,6;-8,6;-1,4;0,4;7;4; ;
18700;0,823344907;-3,9;-7,7;-1,6;0,2;7;4; ;
18700;0,865011574;-0,3;-1,6;0,9;0,2;6;4; ;
18700;0,906678241;-3,2;-4,5;-0,3;0,3;6;4; ;
18700;0,948344907;-3,3;-6;-1,6;0;7;4; ;
18700;0,990011574;0,8;-1,7;2,1;0;7;4; ;
18700;24.12.2017;-1,3;-2;3,4;1,3;5;4; ;
18700;25.12.2017;-0,1;-4,5;1,6;0;6;4; ;
18700;26.12.2017;1,6;-0,7;3,9;3,2;9;4; ;
18700;27.12.2017;1,7;0,2;3,1;15,9;5;4; ;
18700;28.12.2017;1,2;0,6;1,9;5,4;5;4; ;
18700;29.12.2017;-0,3;-1,3;1,8;8,6;7;4; ;
18700;30.12.2017;-3,4;-5;-1,3;0;6;4; ;
18700;31.12.2017;-1,2;-2,9;-0,3;0,5;7;4; ;
18700;0,065717593;1,9;-0,7;2,7;7;11;4; ;
18700;0,107384259;0,1;-0,6;2,8;1,1;7;4; ;
18700;0,149050926;-0,9;-3,3;0,7;0,4;8;4; ;
18700;0,190717593;1;0,2;1,8;5,5;11;4; ;
18700;0,232384259;-1,2;-2,2;1,2;1,4;11;4; ;
18700;0,274050926;-3,8;-5,8;-1,2;0,1;10;4; ;
18700;0,315717593;-6,6;-11,7;-1,9;0;10;4; ;
18700;0,357384259;-2,8;-5,1;2,3;0;11;4; ;
18700;0,399050926;-6,9;-8,6;-3,9;0;11;4; ;
18700;0,440717593;-1,9;-9,6;1,5;0;11;4; ;
18700;0,482384259;-2,1;-2,2;-0,2;6,5;14;4; ;
18700;0,524050926;-3,2;-5;-1,9;3,7;18;4; ;
18700;0,565717593;-2,3;-2,8;-1,7;0,4;17;4; ;
18700;0,607384259;-2,7;-3,3;-1,9;0;17;4; ;
18700;0,649050926;-1,9;-2,9;-1,4;0,8;17;4; ;
18700;0,690717593;0;-1,8;0,4;14,3;34;4; ;
18700;0,732384259;0;-0,6;0,8;4,9;41;4; ;
18700;0,774050926;-3,1;-3,2;-0,2;1;39;4; ;
18700;0,815717593;-2,9;-5,7;-1,6;0,6;38;4; ;
18700;0,857384259;-2,4;-3,5;-1,4;1,5;38; ; ;
18700;0,899050926;-2,9;-5,9;-0,3;1,6;38;4; ;
18700;0,940717593;-4,4;-6,8;-3,4;0;36;4; ;
18700;0,982384259;-1,1;-3,9;1;1,8;37;4; ;
18700;24.01.2018;3;0,4;5,2;15,4;39;4; ;
18700;25.01.2018;3,4;1,9;5,6;3,9;31;4; ;
18700;26.01.2018;-0,6;-1,8;2,7;0;30;4; ;
18700;27.01.2018;-3,8;-7,2;-1;0;30;4; ;
18700;28.01.2018;0,2;-3,1;1,8;8,9;35;4; ;
18700;29.01.2018;-2,1;-3,7;-0,3;0,7;33;4; ;
18700;30.01.2018;-4,3;-6,9;-1,8;3,3;37;4; ;
18700;31.01.2018;0,9;-3,8;2,4;1,5;35;4; ;
18700;0,066412037;0,5;0,2;1,8;13,3;37;4; ;
18700;0,108078704;-6,4;-8,3;1,3;2;36;4; ;
18700;0,14974537;-7,4;-8,5;-5,5;0;35;4; ;
18700;0,191412037;-8,4;-10;-4,4;0,2;35;4; ;
18700;0,233078704;-8,1;-12,2;-6,4;0;35;4; ;
18700;0,27474537;-5,2;-7;-3,4;0;35;4; ;
18700;0,316412037;-4,7;-7,6;-1,4;0;35;4; ;
18700;0,358078704;-4,7;-10,4;-1,7;0;35;4; ;
18700;0,39974537;-0,1;-1,7;0,9;7,4;42;4; ;
18700;0,441412037;-1,4;-2,5;-0,5;2,2;45;4; ;
18700;0,483078704;-2;-2,4;-0,8;3,8;47;4; ;
18700;0,52474537;-1;-2,2;0,2;6,1;56;4; ;
18700;0,566412037;-3,4;-8;0,6;4,6;56;4; ;
18700;0,608078704;0,6;-3,7;2;0,2;53;4; ;
18700;0,64974537;-0,2;-1;1,8;0,3;51;4; ;
18700;0,691412037;-1,2;-1,6;0,2;3,8;57;4; ;
18700;0,733078704;-4,2;-8,2;-1,2;0,2;55;4; ;
18700;0,77474537;-0,8;-3;0,8;1,2;55;4; ;
18700;0,816412037;-1,2;-1,5;0,4;4,5;58;4; ;
18700;0,858078704;-3,8;-4,7;-1,5;0,1;57;4; ;
18700;0,89974537;-3,1;-4,4;-1,5;0,2;56;4; ;
18700;0,941412037;-4,8;-7,9;0,2;0,5;55;4; ;
18700;0,983078704;-3,7;-8,1;0,4;0;54;4; ;
18700;24.02.2018;-3,8;-4,8;-2,2;0;54;4; ;
18700;25.02.2018;-6,7;-9,1;-3,3;2,5;57;4; ;
18700;26.02.2018;-9,2;-15,9;-3,6;0,6;57;4; ;
18700;27.02.2018;-9,5;-11,2;-6,2;0;56;4; ;
18700;28.02.2018;-11,4;-12,7;-9,1;0,2;55;4; ;
18700;0,067106481;-11,4;-14,2;-7,3;0,1;54;4; ;
18700;0,108773148;-7,1;-12,9;-2,9;0;54;4; ;
18700;0,150439815;-5,8;-7;-3,5;0;53;4; ;
18700;0,192106481;-4,3;-6,8;-0,1;0;53;4; ;
18700;0,233773148;-4,7;-5,1;-3,9;0,1;53;4; ;
18700;0,275439815;-3,9;-5,3;-2,9;1,1;54;4; ;
18700;0,317106481;-1,7;-2,9;-0,6;0,2;53;4; ;
18700;0,358773148;-1,8;-2,4;-0,7;0,1;53;4; ;
18700;0,400439815;-3;-4,4;0,7;2,2;54;4; ;
18700;0,442106481;-3,3;-7,3;-0,9;0,1;53;4; ;
18700;0,483773148;-3;-4;-2,3;0;53;4; ;
18700;0,525439815;-0,2;-2,9;1,6;7,1;59;4; ;
18700;0,567106481;0,8;-0,6;2,9;0,9;58;4; ;
18700;0,608773148;-0,7;-6,2;4,5;0;56;4; ;
18700;0,650439815;-2,6;-4;0;0;56;4; ;
18700;0,692106481;-6,2;-9,8;-2,2;0;56;4; ;
18700;0,733773148;-6,3;-11,6;-0,6;0;55;4; ;
18700;0,775439815;-6,1;-14,2;1,5;0;55;4; ;
18700;0,817106481;-1,1;-7,6;5,7;0;55;4; ;
18700;0,858773148;2;-2;7,7;0,5;55;4; ;
18700;0,900439815;1,7;-3,6;7,2;0;54;4; ;
18700;0,942106481;1,8;-0,8;8;0;52;4; ;
18700;0,983773148;-0,2;-1,9;2;0;51;4; ;
18700;24.03.2018;2,8;0,1;6,8;0,7;50;4; ;
18700;25.03.2018;3,5;-0,9;10;0;46;4; ;
18700;26.03.2018;-0,6;-2,3;5,7;0,2;44;4; ;
18700;27.03.2018;-2,6;-7,1;2,5;0,3;44;4; ;
18700;28.03.2018;-2,5;-10,3;3,9;0;43;4; ;
18700;29.03.2018;-1,5;-7,3;3,3;0;43;4; ;
18700;30.03.2018;-1,9;-8,6;3,8;0;43;4; ;
18700;31.03.2018;-1,4;-9;5,3;0;43;4; ;
18700;0,067800926;0,2;-5,7;7,1;0;43;4; ;
18700;0,109467593;0;-5,4;5,5;0;42;4; ;
18700;0,151134259;-0,1;-6,1;4,1;0;42;4; ;
18700;0,192800926;2,5;-0,5;4,7;7,3;44;4; ;
18700;0,234467593;3,1;2,2;5,3;5,2;40;4; ;
18700;0,276134259;4,6;0,6;9,6;7,5;38;4; ;
18700;0,317800926;3,2;0,4;5,9;0;36;3; ;
18700;0,359467593;3,9;0,7;7;0;34;3; ;
18700;0,401134259;3,3;2,8;4,4;5,4;31;4; ;
18700;0,442800926;4,5;1,7;8,4;2,2;28;3; ;
18700;0,484467593;4,6;-0,5;9,8;0;24;3; ;
18700;0,526134259;7;0,7;12,6;0;21;3; ;
18700;0,567800926;8,4;2,8;13,4;0;16;3; ;
18700;0,609467593;10,8;5,9;16,9;0;10;1; ;
18700;0,651134259;10,7;2,9;17,8;0;2;1; ;
18700;0,692800926;7,6;5,4;13,1;0,2;0;1; ;
18700;0,734467593;7,5;5,1;13,1;0,4;0;1; ;
18700;0,776134259;10,5;5,8;17,3;1,3;0;1; ;
18700;0,817800926;10;4,7;17,6;0;0;0; ;
18700;0,859467593;8,3;6,2;11,4;0,1;0;0; ;
18700;0,901134259;10,8;4,3;16,2;0;0;0; ;
18700;0,942800926;9,3;2;15,9;0;0;0; ;
18700;0,984467593;7,4;6,1;11,1;0,1;0;0; ;
18700;24.04.2018;7,5;1,9;12;5,8;0;0; ;
18700;25.04.2018;8,5;1,1;15,2;0,1;0;0; ;
18700;26.04.2018;8,3;1,3;14,3;0;0;0; ;
18700;27.04.2018;7,4;5,2;12,6;0;0;0; ;
18700;28.04.2018;6,9;2,6;13,1;0;0;0; ;
18700;29.04.2018;8,1;0,7;14,8;0;0;0; ;
18700;30.04.2018;8,8;4;13,1;0;0;0; ;
18700;0,06849537;4,4;2,2;9,9;9,1;0;0; ;
18700;0,110162037;8,2;5,2;13,1;2,9;0;0; ;
18700;0,151828704;7,7;6,4;11,2;0;0;0; ;
18700;0,19349537;8,3;1,5;15,1;3,4;0;0; ;
18700;0,235162037;12,5;6,7;19,5;0;0;0; ;
18700;0,276828704;13,2;8,2;19,9;0;0;0; ;
18700;0,31849537;13,3;5,5;21,1;0;0;0; ;
18700;0,360162037;14,6;7,9;21,8;0;0;0; ;
18700;0,401828704;16,8;8,1;23,7;0;0;0; ;
18700;0,44349537;17,8;11,6;24;0;0;0; ;
18700;0,485162037;14,5;13,5;20,3;11,2;0;0; ;
18700;0,526828704;13,3;10,2;19,5;0,3;0;0; ;
18700;0,56849537;16,7;7,2;24,1;0;0;0; ;
18700;0,610162037;19,4;13,3;25,8;0;0;0; ;
18700;0,651828704;19,8;9,8;27,3;0;0;0; ;
18700;0,69349537;18,9;11,4;27,8;0;0;0; ;
18700;0,735162037;13;7,9;19,7;0,6;0;0; ;
18700;0,776828704;14,4;8,8;20,8;0;0;0; ;
18700;0,81849537;15,3;7,2;21,9;0;0;0; ;
18700;0,860162037;15,2;7,3;22,1;0;0;0; ;
18700;0,901828704;15,8;7,9;22,4;0,1;0;0; ;
18700;0,94349537;16,7;8,7;24,4;0;0;0; ;
18700;0,985162037;18,6;11,2;25,2;0;0;0; ;
18700;24.05.2018;19;9,6;26,9;0;0;0; ;
18700;25.05.2018;20,6;11,1;28;0;0;0; ;
18700;26.05.2018;21,9;15,7;28,4;0;0;0; ;
18700;27.05.2018;22,2;15,2;28,7;0;0;0; ;
18700;28.05.2018;18,7;15,3;26,1;0;0;0; ;
18700;29.05.2018;21;13,8;28;0,5;0;0; ;
18700;30.05.2018;24,2;17,1;31,1;0;0;0; ;
18700;31.05.2018;23;17,1;28,8;0;0;0; ;
18700;0,069189815;22;13,2;29,2;0;0;0; ;
18700;0,110856481;22,4;14,8;30,7;0;0;0; ;
18700;0,152523148;23,3;15,1;31,9;0;0;0; ;
18700;0,194189815;19,4;15,9;25,5;0;0;0; ;
18700;0,235856481;13,9;6,7;21,8;0;0;0; ;
18700;0,277523148;15,5;8,5;21,9;0;0;0; ;
18700;0,319189815;20;10,9;27,7;0;0;0; ;
18700;0,360856481;21,5;15,4;27,9;0;0;0; ;
18700;0,402523148;20,5;13,2;27;0;0;0; ;
18700;0,444189815;20,5;15,3;27,8;0;0;0; ;
18700;0,485856481;16,6;14,2;20,2;10,4;0;0; ;
18700;0,527523148;18,1;10,6;23,8;0;0;0; ;
18700;0,569189815;16,7;13,3;21,2;0,4;0;0; ;
18700;0,610856481;14,3;13,2;19,2;0,1;0;0; ;
18700;0,652523148;15,5;11,4;20,6;5,5;0;0; ;
18700;0,694189815;15,8;11,7;20,6;0,1;0;0; ;
18700;0,735856481;13,1;10,1;17,4;4,8;0;0; ;
18700;0,777523148;14,4;12,2;17,3;16;0;0; ;
18700;0,819189815;16;12,1;22;0,5;0;0; ;
18700;0,860856481;12,1;8,9;18,1;0,1;0;0; ;
18700;0,902523148;11,7;7,8;15,8;0;0;0; ;
18700;0,944189815;13,1;6,2;16,6;0,9;0;0; ;
18700;0,985856481;15,9;9,1;22,7;0;0;0; ;
18700;24.06.2018;18,5;9,6;24,2;0;0;0; ;
18700;25.06.2018;23,1;16,4;29,8;0;0;0; ;
18700;26.06.2018;23,4;18,2;28,4;0;0;0; ;
18700;27.06.2018;22,2;14;29,2;0;0;0; ;
18700;28.06.2018;21,5;13,9;30,1;0;0;0; ;
18700;29.06.2018;17,6;12,1;24;0;0;0; ;
18700;30.06.2018;17,3;10,3;24,6;0;0;0; ;
18700;0,069884259;20,4;10,6;27,6;0;0;0; ;
18700;0,111550926;21,7;13,1;28,9;0;0;0; ;
18700;0,153217593;23,6;14;31,6;0;0;0; ;
18700;0,194884259;22,8;17;29,7;0;0;0; ;
18700;0,236550926;19,4;14,9;26,6;0;0;0; ;
18700;0,278217593;21,8;14,4;27,8;0;0;0; ;
18700;0,319884259;20,5;16,4;25,8;0,1;0;0; ;
18700;0,361550926;21,4;15,5;28,2;0;0;0; ;
18700;0,403217593;17,7;13,5;23,6;0;0;0; ;
18700;0,444884259;23,4;17,3;29;1,8;0;0; ;
18700;0,486550926;25;20,1;30,8;0;0;0; ;
18700;0,528217593;21,5;17,5;29,3;0;0;0; ;
18700;0,569884259;22,3;15,3;30,5;1,8;0;0; ;
18700;0,611550926;20,5;18,1;26,5;0;0;0; ;
18700;0,653217593;20,7;15;28,1;0;0;0; ;
18700;0,694884259;21,9;16,9;28,5;0;0;0; ;
18700;0,736550926;24,6;16,3;31,9;1,2;0;0; ;
18700;0,778217593;22,1;19,4;28,3;0;0;0; ;
18700;0,819884259;22,5;15,3;30;0,1;0;0; ;
18700;0,861550926;21,2;14,7;28,4;0;0;0; ;
18700;0,903217593;20,6;13,7;27,3;0;0;0; ;
18700;0,944884259;20,8;17;27,5;0;0;0; ;
18700;0,986550926;22,8;16,4;29,2;0;0;0; ;
18700;24.07.2018;23,3;18,6;29,8;0;0;0; ;
18700;25.07.2018;22,7;18,2;28,9;0;0;0; ;
18700;26.07.2018;24,3;16;32,7;0;0;0; ;
18700;27.07.2018;25,9;15,9;34,6;0;0;0; ;
18700;28.07.2018;24,7;21,7;31,7;0;0;0; ;
18700;29.07.2018;22,3;20,4;26,8;9,6;0;0; ;
18700;30.07.2018;21;14;27,5;0;0;0; ;
18700;31.07.2018;23,5;18,4;31,6;1,3;0;0; ;
18700;0,070578704;21,3;17,3;27,4;9,8;0;0; ;
18700;0,11224537;19,8;15;24,8;0;0;0; ;
18700;0,153912037;19,8;14,6;25;0,1;0;0; ;
18700;0,195578704;21,8;15,8;28,5;0,1;0;0; ;
18700;0,23724537;19,6;16,9;25,1;0;0;0; ;
18700;0,278912037;17,1;12,8;21,9;0;0;0; ;
18700;0,320578704;18,5;13,6;25,1;0;0;0; ;
18700;0,36224537;18,4;15,6;23,3;1,2;0;0; ;
18700;0,403912037;20,7;18;25,7;7,1;0;0; ;
18700;0,445578704;16,1;14,2;21,5;13,4;0;0; ;
18700;0,48724537;15,4;8,9;20,2;2,2;0;0; ;
18700;0,528912037;12,8;11,2;16,8;1,2;0;0; ;
18700;0,570578704;15,3;7,9;22,4;3;0;0; ;
18700;0,61224537;15,8;10,8;20,5;0;0;0; ;
18700;0,653912037;15,6;9,8;22;0;0;0; ;
18700;0,695578704;17,8;17;19,9;0;0;0; ;
18700;0,73724537;16;12,7;20,5;0,8;0;0; ;
18700;0,778912037;14,8;10,4;17,6;4,8;0;0; ;
18700;0,820578704;15,9;8,9;22,3;0,1;0;0; ;
18700;0,86224537;13,9;9,4;20;0;0;0; ;
18700;0,903912037;14,7;7,5;21,1;0,1;0;0; ;
18700;0,945578704;15,5;10,5;18,7;0,1;0;0; ;
18700;0,98724537;15,4;11,1;19,6;2,7;0;0; ;
18700;24.08.2018;14,6;12;19,9;0,3;0;0; ;
18700;25.08.2018;12,8;5,9;19,1;1,5;0;0; ;
18700;26.08.2018;12,9;7,9;19,1;0;0;0; ;
18700;27.08.2018;12,7;9,1;16,6;0,2;0;0; ;
18700;28.08.2018;14,8;11,9;20,6;2,7;0;0; ;
18700;29.08.2018;14,6;9,5;18,3;0;0;0; ;
18700;30.08.2018;15,9;13,2;21,5;5,6;0;0; ;
18700;31.08.2018;14,7;11,4;19,9;0,1;0;0; ;
18700;0,071273148;14,9;8,5;21,1;0;0;0; ;
18700;0,112939815;15,1;10,1;21,2;0;0;0; ;
18700;0,154606481;15,8;10,6;22,1;0;0;0; ;
18700;0,196273148;16,3;10,7;22,2;0;0;0; ;
18700;0,237939815;17;14,6;20,9;0,3;0;0; ;
18700;0,279606481;15,5;14,8;17,1;0;0;0; ;
18700;0,321273148;15,8;14,1;17,3;2,2;0;0; ;
18700;0,362939815;14,4;12,7;17,8;13;0;0; ;
18700;0,404606481;14,1;12,2;16,5;8,5;0;0; ;
18700;0,446273148;15;13,9;18,2;41,5;0;0; ;
18700;0,487939815;11,8;10,9;14,7;1,2;0;0; ;
18700;0,529606481;12,1;7,4;17,8;23;0;0; ;
18700;0,571273148;12;6,3;16,8;0;0;0; ;
18700;0,612939815;12,4;8,4;16,8;0,1;0;0; ;
18700;0,654606481;11,7;5,6;17,5;0,6;0;0; ;
18700;0,696273148;9,4;3,4;13,2;0;0;0; ;
18700;0,737939815;12,3;9,5;15,8;6,3;0;0; ;
18700;0,779606481;15,8;11,5;19,2;0,7;0;0; ;
18700;0,821273148;16,9;14,6;21,1;0,1;0;0; ;
18700;0,862939815;14;11,7;17,7;0,3;0;0; ;
18700;0,904606481;11,2;8,2;15,5;2,6;0;0; ;
18700;0,946273148;11,2;9;16,3;19,1;0;0; ;
18700;0,987939815;9,8;4,6;15,9;0,1;0;0; ;
18700;24.09.2018;7,6;2,5;13,4;0;0;0; ;
18700;25.09.2018;8,1;-0,2;12,5;0;0;0; ;
18700;26.09.2018;13,3;10,6;20,2;0;0;0; ;
18700;27.09.2018;7,9;6,4;12,4;0;0;0; ;
18700;28.09.2018;6;1,4;13,2;4,8;0;0; ;
18700;29.09.2018;7,8;2,5;11,9;0,2;0;0; ;
18700;30.09.2018;9,3;5;14,6;0,1;0;0; ;
18700;0,071967593;6,1;1,2;13;0;0;0; ;
18700;0,113634259;4,4;1,9;5,9;2,6;0;0; ;
18700;0,155300926;6,8;0,9;12,7;4,4;0;0; ;
18700;0,196967593;6,1;1,4;9,1;0;0;0; ;
18700;0,238634259;9,5;6,3;12,9;0,4;0;0; ;
18700;0,280300926;6,6;2,4;11;0;0;0; ;
18700;0,321967593;6,7;2,2;10,3;0;0;0; ;
18700;0,363634259;10,6;6;16,2;1,3;0;0; ;
18700;0,405300926;12,7;6;15,4;0;0;0; ;
18700;0,446967593;13;10,2;17,8;0;0;0; ;
18700;0,488634259;11,8;9,9;14,1;0;0;0; ;
18700;0,530300926;11;9,5;12,6;0;0;0; ;
18700;0,571967593;15,2;11,9;16,9;0;0;0; ;
18700;0,613634259;14,4;13,1;17,3;0;0;0; ;
18700;0,655300926;11,9;10,4;13,5;0,2;0;0; ;
18700;0,696967593;6,7;3,8;10,4;2,1;0;0; ;
18700;0,738634259;10,5;7;13,8;0,8;0;0; ;
18700;0,780300926;7,8;3,4;13,7;0,2;0;0; ;
18700;0,821967593;5,9;2,5;10,4;0;0;0; ;
18700;0,863634259;6;2,1;10,5;0;0;0; ;
18700;0,905300926;9,4;4,4;14,5;0;0;0; ;
18700;0,946967593;7,7;3,5;12,3;2,4;0;0; ;
18700;0,988634259;7,6;4,7;13;0;0;0; ;
18700;24.10.2018;3,8;-1,5;8,7;0;0;0; ;
18700;25.10.2018;3,9;-0,5;9,4;0;0;0; ;
18700;26.10.2018;2,5;-0,6;5,1;0;0;0; ;
18700;27.10.2018;1,6;0;3,4;0;0;0; ;
18700;28.10.2018;0,2;-2,2;3,2;0,3;0;0; ;
18700;29.10.2018;-0,3;-1,9;0,4;0;0;0; ;
18700;30.10.2018;1,9;-0,2;2,9;3,5;5;4; ;
18700;31.10.2018;5,9;2,8;7,8;20,4;0;0; ;
18700;0,072662037;5,3;0,8;7,3;6,6;0;0; ;
18700;0,114328704;6,1;4,6;8,3;0,3;0;0; ;
18700;0,15599537;4,6;1,4;6,9;5,8;0;0; ;
18700;0,197662037;8;6,9;9,1;1;0;0; ;
18700;0,239328704;6,6;6,1;7,7;0,1;0;0; ;
18700;0,28099537;7,1;6,2;8;0;0;0; ;
18700;0,322662037;6,5;3,6;7,7;0,1;0;0; ;
18700;0,364328704;7,5;6,8;8;0;0;0; ;
18700;0,40599537;7,6;7,5;8,1;1,3;0;0; ;
18700;0,447662037;7,6;6,5;8,2;8,4;0;0; ;
18700;0,489328704;8,8;7,7;9,5;25,8;0;0; ;
18700;0,53099537;8,8;6,3;11,5;28,3;0;0; ;
18700;0,572662037;7,2;6,5;8,4;4,8;0;0; ;
18700;0,614328704;4,5;3,3;6,8;4,6;0;0; ;
18700;0,65599537;9,4;4,6;10,7;2,6;0;0; ;
18700;0,697662037;7,1;5,7;10;0;0;0; ;
18700;0,739328704;5;5;7,3;0;0;0; ;
18700;0,78099537;3,2;0,8;6,7;0;0;0; ;
18700;0,822662037;0,1;-1;3,8;0;0;0; ;
18700;0,864328704;-1,5;-3;-1;0,1;0;0; ;
18700;0,90599537;1,8;-3,2;2,8;0;0;0; ;
18700;0,947662037;-3,1;-4,8;1,6;0;0;0; ;
18700;0,989328704;-6,3;-7,2;-4,4;0;0;0; ;
18700;24.11.2018;-3;-9,1;1,9;0;0;0; ;
18700;25.11.2018;-0,4;-1,7;1,5;0;0;0; ;
18700;26.11.2018;-5,3;-7,2;0,2;0;0;0; ;
18700;27.11.2018;-5,5;-7,4;-0,6;0;0;0; ;
18700;28.11.2018;-4,8;-9,4;-3;0;0;0; ;
18700;29.11.2018;1,4;-3;2,9;1,4;0;4; ;
18700;30.11.2018;6,3;1,9;7,2;10,1;0;0; ;
18700;0,073356481;5;4,1;7,2;8,9;0;0; ;
18700;0,115023148;4,2;2,1;5,1;0,4;0;0; ;
18700;0,156689815;5,4;4,5;6,9;16,2;0;0; ;
18700;0,198356481;3,2;1,9;6,4;8,9;0;0; ;
18700;0,240023148;-1,2;-3,5;2,3;0;0;0; ;
18700;0,281689815;-2,2;-4,2;-0,9;0;0;0; ;
18700;0,323356481;-0,3;-0,9;0,2;5,3;10;4; ;
18700;0,365023148;-0,2;-1;0,4;7,7;16;4; ;
18700;0,406689815;-1,3;-2,5;0,7;1;15;4; ;
18700;0,448356481;2,9;-3,7;5,1;0;14;4; ;
18700;0,490023148;2,4;0,1;4,6;0;12;4; ;
18700;0,531689815;-3,7;-5,2;1,3;0;11;4; ;
18700;0,573356481;-6,3;-7;-4,6;0,4;11;4; ;
18700;0,615023148;-9,2;-11,8;-6,7;0,6;11;4; ;
18700;0,656689815;-5,7;-11,9;-4,1;0;10;4; ;
18700;0,698356481;-0,8;-4,2;0,1;1;11;4; ;
18700;0,740023148;-1,9;-2,5;-0,2;2,3;13;4; ;
18700;0,781689815;-4,4;-7,1;-1,4;0;12;4; ;
18700;0,823356481;-0,3;-3,5;1,5;1;12;4; ;
18700;0,865023148;1,2;0,6;1,9;1,6;10;4; ;
18700;0,906689815;-1,2;-1,9;0,7;1,6;10;4; ;
18700;0,948356481;-3,1;-3,6;-1,8;1,9;10;4; ;
18700;0,990023148;-5,4;-6,6;-3,3;0;10;4; ;
18700;24.12.2018;-7,2;-10,3;-5,3;0;10;4; ;
18700;25.12.2018;-2;-5,5;2,3;0;10;4; ;
18700;26.12.2018;0,3;-1,2;1,8;0;10;4; ;
18700;27.12.2018;0,1;-0,9;1,4;1,1;9;4; ;
18700;28.12.2018;-3,2;-4,2;0,3;1,8;9;4; ;
18700;29.12.2018;-2,5;-4,7;-1,6;0;9;4; ;
18700;30.12.2018;-1,6;-2,9;-0,1;0;9;4; ;
18700;31.12.2018;1,6;-1,9;2,8;1,5;11;4; ;
18700;0,065729167;4,7;1,8;7,3;0;9;4; ;
18700;0,107395833;1;-2,5;4,9;0;8;4; ;
18700;0,1490625;1;-0,6;3,2;0;0;4; ;
18700;0,190729167;2,3;-1,1;4,9;0;9;4; ;
18700;0,232395833;3,3;0,6;10,4;0;8;4; ;
18700;0,2740625;-1;-2,5;2,6;0;8;4; ;
18700;0,315729167;-1;-2,3;-0,4;0;8;4; ;
18700;0,357395833;1,3;-0,5;2,5;6,8;17;4; ;
18700;0,3990625;0,3;-1;2,4;4,2;15;4; ;
18700;0,440729167;-2,1;-4,1;0,7;0;15;4; ;
18700;0,482395833;-0,3;-3,7;6,2;0;14;4; ;
18700;0,5240625;-4,3;-6,1;1,4;0;14;4; ;
18700;0,565729167;-3,5;-7,5;0,3;0,1;14;4; ;
18700;0,607395833;0,1;-4,4;2,6;0;14;4; ;
18700;0,6490625;-3,9;-6,6;1,2;0;14;4; ;
18700;0,690729167;-5,5;-8,6;-3,1;2,3;18;4; ;
18700;0,732395833;-6,4;-9,5;-2,7;5,8;23;4; ;
18700;0,7740625;-4,4;-9,5;0,2;0;22;4; ;
18700;0,815729167;-4,7;-8,1;-2,1;0;22;4; ;
18700;0,857395833;-5,9;-9,9;-1,4;0;21;4; ;
18700;0,8990625;-5,2;-7,6;-3,1;1,1;23;4; ;
18700;0,940729167;-4,1;-6,9;-3,3;0;22;4; ;
18700;0,982395833;-1,7;-3,4;-0,6;0;21;4; ;
18700;24.01.2019;-2,4;-3,1;-0,7;0;21;4; ;
18700;25.01.2019;-2,9;-3,1;-2,1;2,8;24;4; ;
18700;26.01.2019;-4,6;-5,5;-2,9;2,5;28;4; ;
18700;27.01.2019;-6;-6,6;-4;0,6;27;4; ;
18700;28.01.2019;-5,2;-6,5;-3,9;6;34;4; ;
18700;29.01.2019;-10,6;-12,5;-4,6;2,9;36;4; ;
18700;30.01.2019;-10,1;-14,1;-7,9;0;36;4; ;
18700;31.01.2019;-6,4;-9,5;-4,8;0,5;36;4; ;
18700;0,066423611;-2,7;-4,8;-2,1;2,5;36;4; ;
18700;0,108090278;-3,3;-3,7;-2,6;11,9;41;4; ;
18700;0,149756944;-4,6;-7,8;-0,3;3,5;41;4; ;
18700;0,191423611;-7;-12,6;-4;0;41;4; ;
18700;0,233090278;-2,5;-4,2;-0,3;10,3;48;4; ;
18700;0,274756944;-5,7;-10;-1,9;0,3;46;4; ;
18700;0,316423611;-2,4;-3,8;-1,3;2,9;47;4; ;
18700;0,358090278;-0,1;-3,8;1,6;3,3;49;4; ;
18700;0,399756944;3,3;0,3;4,2;15;42;4; ;
18700;0,441423611;1,9;0,8;3,7;6,1;35;4; ;
18700;0,483090278;0,7;-2,1;3,7;10,2;32;4; ;
18700;0,524756944;-2,1;-6,6;0,5;0;31;4; ;
18700;0,566423611;4,7;-0,8;11,1;2,2;35;4; ;
18700;0,608090278;1,8;-1,9;6;0;31;4; ;
18700;0,649756944;2,3;1,1;3,3;0;31;4; ;
18700;0,691423611;2,1;1,1;4,3;0;29;4; ;
18700;0,733090278;1,9;-2,6;3,8;0;28;4; ;
18700;0,774756944;3,5;2,1;4,2;0,6;26;4; ;
18700;0,816423611;3,2;2,3;5,7;0;23;4; ;
18700;0,858090278;1,4;-1,9;5,7;0;21;3; ;
18700;0,899756944;-0,1;-0,5;2,1;9,7;29;4; ;
18700;0,941423611;0,2;-1,2;1,6;0,4;28;4; ;
18700;0,983090278;2;1,1;2,5;2,1;26;4; ;
18700;24.02.2019;2,2;1,1;4,9;0,1;22;4; ;
18700;25.02.2019;3;0,5;5,7;0;21;3; ;
18700;26.02.2019;4,8;1,7;10,5;0;21;3; ;
18700;27.02.2019;0,9;-0,6;3,9;0;20;4; ;
18700;28.02.2019;3,4;-1,7;9,6;0;20;3; ;
18700;0,067118056;1,9;-1,2;6,5;0;20;3; ;
18700;0,108784722;-0,5;-5,8;5,4;0;20;3; ;
18700;0,150451389;2,8;0,5;5,2;5,6;19;3; ;
18700;0,192118056;1,7;1,4;3,6;5,8;17;3; ;
18700;0,233784722;-1,5;-3,2;1,6;3,4;18;3; ;
18700;0,275451389;-1,8;-3,8;-0,6;3,6;22;4; ;
18700;0,317118056;1,2;-0,9;2;6,9;26;4; ;
18700;0,358784722;0,9;0,4;3,9;12,9;20;4; ;
18700;0,400451389;-1,8;-2,9;0,6;0,8;21;4; ;
18700;0,442118056;-1,9;-8,1;2,5;1,5;21;4; ;
18700;0,483784722;-2,2;-8,3;3,9;0;21;4; ;
18700;0,525451389;-3,1;-8,6;-0,1;0;21;3; ;
18700;0,567118056;1;-1,1;3,4;8,2;24;4; ;
18700;0,608784722;-1,9;-6,2;1,9;5,6;24;4; ;
18700;0,650451389;0,4;-0,4;1,7;0;24;4; ;
18700;0,692118056;0,7;-0,8;2,4;0,6;24;4; ;
18700;0,733784722;1,5;-0,6;3,3;8,2;32;4;;
