;SYS;SE1;SE2;SE3;SE4;FI;DK1;DK2;Oslo;Kr.sand;Bergen;Molde;Tr.heim;Troms›;EE;ELE;LV;LT
01-01-2013;233,01;223,54;223,54;223,54;223,54;223,54;192,56;192,72;241,42;241,42;241,42;240,23;240,23;240,23;231,58;231,58;;192,87
02-01-2013;269,3;270,61;270,61;270,61;270,61;272,33;243,52;243,52;271,61;266,86;271,61;270,61;270,61;270,61;293,7;293,7;;250,58
03-01-2013;256,89;256,07;256,07;256,07;256,07;256,36;226,36;228,91;259,89;259,24;259,89;256,16;256,16;256,16;299,34;299,34;;334,94
04-01-2013;253,87;250,17;250,17;250,17;250,17;251,87;220,26;220,26;258,18;258,08;258,18;251,38;251,38;251,38;299,61;299,61;;298,32
05-01-2013;258,16;258,73;258,73;258,73;261,8;258,73;258,04;258,99;258,83;257,47;257,47;258,73;258,73;258,73;274,41;274,41;;285,51
06-01-2013;254,88;254,99;254,99;254,99;255,69;254,99;253,81;255,95;254,99;254,43;254,43;254,99;254,99;254,99;272,06;272,06;;265,58
07-01-2013;281,94;283,37;283,37;283,37;312,32;287,96;359,33;360,55;280,88;268,23;272,88;283,37;283,37;283,37;292,46;292,46;;319,59
08-01-2013;296,42;293,33;293,33;293,33;327,95;293,33;339,46;339,46;293,33;275,99;293,33;293,33;293,33;293,33;271,96;271,96;;317,91
09-01-2013;287,94;291,65;291,65;291,65;291,65;291,65;291,65;291,65;291,69;278,91;291,69;291,65;291,65;291,65;292,84;292,84;;282,96
10-01-2013;297,48;301,21;301,21;301,21;301,21;301,21;300,95;302,13;303,74;282,62;303,74;301,21;301,21;301,21;297,24;297,24;;276,39
11-01-2013;305,65;310,55;310,55;314,4;314,4;321,1;314,4;314,4;315,5;284,08;315,5;310,55;310,55;310,55;316,48;316,48;;277,77
12-01-2013;297,13;299,89;299,89;300,09;303,02;300,79;306,01;306,01;300,21;286,52;300,21;299,89;299,89;291,22;300,79;300,79;;290,45
13-01-2013;290,44;291,09;291,09;291,65;291,65;291,52;291,65;291,65;292,18;287,09;292,18;291,09;291,09;288,05;295,41;295,41;;335,51
14-01-2013;341,62;343,7;343,7;377,84;377,84;343,46;378,63;378,67;381,16;291,88;381,16;343,7;343,7;343,7;336,4;336,4;;349,58
15-01-2013;352,78;371,95;371,95;371,95;371,95;371,95;371,95;371,95;372,8;295,59;372,8;371,95;371,95;371,95;365,36;365,36;;341,56
16-01-2013;376,38;377,93;377,93;381,69;382,2;377,93;382,2;382,2;382,33;358,81;382,33;377,93;377,93;374,73;366,97;366,97;;371,65
17-01-2013;396,62;397,57;397,57;397,57;397,57;397,57;397,57;397,57;397,57;389,44;397,57;397,57;397,57;397,57;365,04;365,1;;362,11
18-01-2013;354,21;355,21;355,21;355,21;355,21;356,07;355,21;355,21;355,32;343;355,32;355,21;355,21;351,43;342,06;342,06;;382,33
19-01-2013;299,08;298;298;298;298;299,11;287,45;287,46;301,84;301,01;301,84;298;298;294,68;299,11;299,11;;370,11
20-01-2013;286,64;286,04;286,04;286,04;286,04;286,09;272,2;273,17;289,65;288,61;289,65;286,04;286,04;286,04;296,73;296,73;;325,19
21-01-2013;307,62;309,36;309,36;309,36;309,36;309,36;277,83;289,69;312,5;299,95;312,5;309,36;309,36;308,39;306,47;318,05;;350,98
22-01-2013;350,21;347,03;347,03;363,49;363,49;346,28;356,17;356,85;365,04;362,68;365,04;347,03;347,03;347,03;338,53;344,87;;333,4
23-01-2013;404,27;400,51;400,51;427,81;427,81;399,76;427,81;427,81;426,93;394,02;426,93;400,51;400,51;399,71;396,61;420,05;;460,52
24-01-2013;413,69;408,22;408,22;432,6;432,6;405,75;432,6;432,6;430,62;428,07;430,62;408,22;408,22;406,22;399,29;401,71;;426,7
25-01-2013;376,92;377,45;377,45;377,45;377,45;377,45;377,17;377,17;376,22;371,18;376,22;377,45;377,45;375,93;373,01;402,68;;400,08
26-01-2013;277,88;278,1;278,1;278,1;278,1;278,1;267,22;267,54;278,42;278,42;278,42;278,1;278,1;278,1;276,36;352,59;;306,46
27-01-2013;268,26;268,47;268,47;268,47;268,47;268,47;231,73;235,94;271,04;271,04;271,04;268,47;268,47;268,47;271,52;276,3;;289,09
28-01-2013;281,08;279,8;279,8;279,8;279,8;291,8;268,16;268,16;282,31;282,31;282,31;279,8;279,8;279,8;284,1;293,95;;295,48
29-01-2013;275,83;274,55;274,55;274,55;274,55;279,47;233,97;235,1;278,44;278,44;278,44;275,76;275,76;275,76;278,64;311,36;;331,86
30-01-2013;264,4;262,59;262,59;262,59;262,59;265,85;211,35;211,62;267,48;267,48;267,48;264,04;264,04;264,04;265,13;317,01;;324,46
31-01-2013;267,45;262,94;262,94;262,94;262,94;264,24;206,81;207,43;269,74;269,74;269,74;265,88;265,88;265,88;264,07;306,83;;297,87
01-02-2013;286,84;286,32;286,32;286,32;286,32;286,32;275,34;275,34;288,35;288,35;288,35;286,32;286,32;286,32;277,28;300,64;;331,72
02-02-2013;271,44;270,18;270,18;270,18;270,18;270,18;269,2;269,8;273,46;273,46;273,46;270,18;270,18;270,18;269,94;302,35;;394,97
03-02-2013;267,62;266,73;266,73;266,73;266,73;266,73;244,82;255,31;270,29;270,29;270,29;266,73;266,73;266,73;282,99;298,17;;330,49
04-02-2013;274,01;272,73;272,73;272,73;272,73;272,73;231,82;243,48;276,92;276,87;276,92;274,1;274,1;274,1;271,57;314,54;;376,84
05-02-2013;275,67;272,04;272,04;272,04;272,04;272,04;229,12;233,4;279,49;279,39;279,49;275,6;275,6;275,6;271,92;325,39;;290,69
06-02-2013;292,5;291,33;291,33;291,33;291,98;291,33;290,63;291,29;294,88;294,88;294,88;291,33;291,33;291,33;290,26;329,74;;327,19
07-02-2013;305,21;303,75;303,75;303,75;304,1;303,75;304,1;304,1;305,91;305,91;305,91;303,91;303,91;303,91;299,38;320,84;;337,83
08-02-2013;296;295,52;295,52;295,52;295,52;295,52;295,52;295,52;296,65;296,65;296,65;295,52;295,52;295,52;285,77;303,14;;330,22
09-02-2013;286,35;284,07;284,07;284,07;284,85;284,07;284,84;284,85;288,47;288,47;288,47;284,07;284,07;284,07;284,07;284,18;;319,82
10-02-2013;279,51;277,76;277,76;277,76;277,76;277,76;277,76;277,76;280,87;280,87;280,87;277,76;277,76;277,76;277,81;278,95;;296,94
11-02-2013;310,51;310,28;310,28;310,28;310,28;310,28;309,36;309,36;310,88;310,88;310,88;310,28;310,28;310,28;298,42;308,11;;327,85
12-02-2013;318,35;318,32;318,32;318,32;318,32;318,32;317,63;318,32;318,57;318,57;318,57;318,32;318,32;318,32;318,32;331,35;;324,94
13-02-2013;333,91;329,21;329,21;329,21;329,21;329,21;367,73;367,73;329,99;329,99;329,99;329,21;329,21;329,21;329,14;340,31;;333,11
14-02-2013;294,79;294,56;294,56;294,56;294,56;294,56;294,56;294,56;295,26;295,26;295,26;294,56;294,56;294,56;319,36;324,11;;334,21
15-02-2013;296,22;295,52;295,52;295,52;296,63;295,52;295,53;295,53;297,03;297,03;297,03;295,52;295,52;295,52;296,48;300,79;;320,71
16-02-2013;285,05;283,7;283,7;283,7;283,7;283,7;285,91;285,91;286,35;286,35;286,35;283,7;283,7;283,7;303,73;303,73;;325,49
17-02-2013;279,12;278,56;278,56;278,56;278,56;278,56;281,3;281,62;280,27;280,27;280,27;278,56;278,56;278,56;288,92;288,92;;325,43
18-02-2013;292,17;291,83;291,83;291,83;291,83;291,83;292,14;292,14;292,91;292,91;292,91;291,83;291,83;291,83;293,39;324,4;;309,87
19-02-2013;287,63;285,6;285,6;285,6;285,6;285,6;283,45;283,45;290,25;290,19;290,25;285,6;285,6;285,6;285,32;307,3;;322,49
20-02-2013;294,35;292,38;292,38;292,38;292,38;292,38;291,63;291,63;296,48;295,28;296,48;292,38;292,38;292,38;292,34;293,05;;262,11
21-02-2013;324,31;315,94;315,94;315,94;323,38;315,94;379,71;379,72;317,18;304;317,18;315,94;315,94;315,86;316,11;316,11;;290,94
22-02-2013;321,14;318,2;318,2;318,2;318,2;318,2;359,24;359,24;318,37;315,77;318,37;318,2;318,2;318,2;319,99;319,99;;323,47
23-02-2013;288,02;285,4;285,4;285,4;285,4;285,4;276,93;276,93;293,31;293,31;293,31;285,4;285,4;285,4;298,64;298,64;;285,52
24-02-2013;281,67;279,06;279,06;279,06;279,06;279,06;250,27;250,27;288,15;288,15;288,15;281,34;281,34;280,61;307,01;307,01;;231,39
25-02-2013;298,24;296,61;296,61;296,61;296,61;296,61;290,58;300,32;301,72;301,72;301,72;296,61;296,61;296,61;296,57;296,57;;304,35
26-02-2013;302,33;300,77;300,77;300,77;308,13;300,77;311,92;345,33;303,86;303,86;303,86;300,77;300,77;300,77;299,93;299,93;;318,8
27-02-2013;307,75;304,75;304,75;304,75;312,45;304,75;317,55;360,47;306,57;306,57;306,57;304,75;304,75;304,51;311,41;311,41;;340,95
28-02-2013;299,31;297,82;297,82;297,82;298,97;297,82;284,63;336,51;301,84;301,84;301,84;297,82;297,82;297,82;294,17;294,17;;310,54
01-03-2013;302,92;298,91;298,91;298,91;298,91;298,91;321,25;326,19;305,06;305,06;305,06;300,63;300,63;300,63;285,82;298,15;;309,41
02-03-2013;292,96;284,84;284,84;284,84;284,84;315,74;282,29;283,99;299,34;299,34;299,34;285,75;285,75;285,34;315,52;315,52;;253,63
03-03-2013;291,78;285,54;285,54;285,54;285,54;285,54;261,89;261,89;302,19;302,19;302,19;285,99;285,99;285,99;280,48;280,48;;228,96
04-03-2013;318,5;312,79;312,79;312,79;312,79;373,45;340,43;344,08;314,85;314,85;314,85;312,79;312,79;312,79;312,86;321,49;;331,66
05-03-2013;304,47;303,03;303,03;303,03;303,03;303,17;300,87;323,67;307,27;307,27;307,27;303,03;303,03;303,03;294,92;309,39;;326,23
06-03-2013;308,85;306,15;306,15;306,15;306,21;306,15;319,96;350,27;309,65;309,65;309,65;306,15;306,15;306,15;289,78;301,51;;321,12
07-03-2013;307,66;305,2;305,2;305,2;305,2;305,2;295,28;295,42;311,47;311,47;312,05;305,52;305,52;305,44;290,77;300,73;;319,26
08-03-2013;302,42;299,39;299,39;299,39;299,39;299,39;262,89;269,5;308,83;308,83;309,41;299,39;299,39;299,39;284,2;284,2;;318,73
09-03-2013;297,1;293,22;293,22;293,22;293,22;293,38;225,22;228,77;306,08;306,08;306,08;295,61;295,61;293,22;291,91;291,91;;319,71
10-03-2013;295,22;293,82;293,82;293,82;293,82;293,82;138,29;144,54;305,31;305,31;305,31;293,97;293,97;293,82;294,28;294,28;;311,04
11-03-2013;327,57;327,66;327,66;327,66;327,66;332,32;281,92;282,31;329,3;327,91;329,3;327,66;327,66;327,66;316,56;321,35;;325,31
12-03-2013;351,26;350,39;350,39;350,39;350,39;350,73;349,37;363,65;350,81;349,49;350,81;350,39;350,39;350,39;350,73;354,98;;331,94
13-03-2013;373,3;369,22;369,22;369,22;369,22;369,57;368,13;417,21;370,88;370,88;370,88;369,22;369,22;369,22;369,57;386,64;;369,82
14-03-2013;398,54;397,94;397,94;397,94;397,94;397,95;396,77;407,46;398,42;398,42;398,42;397,94;397,94;397,94;397,95;423,33;;419,5
15-03-2013;364,87;365,52;365,52;365,52;365,52;367,93;355,44;366,97;365,56;361,62;365,56;365,52;365,52;365,52;367,93;433,58;;440,47
16-03-2013;319,77;321,24;321,24;321,24;321,24;321,24;208,89;210,39;325,77;324,98;325,77;321,24;321,24;321,24;328,17;328,17;;364,55
17-03-2013;309,11;308,39;308,39;308,39;308,39;308,39;81,2;81,2;319,79;319,4;319,79;308,39;308,39;308,39;340,56;340,56;;351,14
18-03-2013;321,38;321,33;321,33;321,33;321,33;329,48;209,51;246,12;326,51;325,39;326,51;321,33;321,33;321,33;393,79;393,79;;366,78
19-03-2013;337,66;336,47;336,47;336,47;336,47;337,31;296,65;317,44;341,03;340,44;341,03;336,47;336,47;336,47;339,04;339,21;;344,22
20-03-2013;363,97;361,85;361,85;361,85;361,85;361,85;349,21;349,21;366,85;366,85;366,85;361,85;361,85;361,85;355,83;355,83;;355,24
21-03-2013;424,14;422,7;422,7;422,7;422,7;432,05;412,45;412,45;425,12;425,12;425,12;422,7;422,7;422,7;430,3;430,3;;333,94
22-03-2013;354,84;353,62;353,62;353,62;353,62;362,91;327,92;328,75;353,95;351,72;353,95;353,62;353,62;353,62;367,63;367,63;;341,68
23-03-2013;334,98;335,25;335,25;335,25;335,25;335,25;256,1;300,58;338,53;338,16;338,53;335,25;335,25;335,25;338,36;338,36;;352,4
24-03-2013;336,09;334,88;334,88;334,88;334,88;334,88;324,78;334,88;337,03;336,5;337,88;334,88;334,88;334,88;341,93;343,15;;340,72
25-03-2013;349,77;347,57;347,57;347,57;347,57;347,57;336,86;347,57;352,18;348,69;356,76;347,57;347,57;347,57;357,7;378,93;;395,37
26-03-2013;346,01;342,99;342,99;342,99;342,99;342,99;342,99;342,99;347,03;347,03;350,48;342,99;342,99;342,99;394,34;394,34;;400,67
27-03-2013;356,14;353,76;353,76;353,76;353,76;353,76;353,76;353,76;356,76;356,76;364,58;353,76;353,76;353,76;386,33;392,12;;396,67
28-03-2013;362,14;359,63;359,63;359,63;359,63;359,63;359,47;359,63;362,6;362,45;366,96;359,63;359,63;359,63;355,09;359,5;;392,11
29-03-2013;352,32;347,3;347,3;347,3;347,3;347,3;321,09;321,09;356,01;356,01;375,24;347,52;347,52;347,3;351,91;351,91;;372,49
30-03-2013;352,26;345,3;345,3;345,3;345,3;345,3;345,3;345,3;354,85;354,85;372,25;345,3;345,3;345,3;350,34;350,34;;353,9
31-03-2013;346,7;332,5;332,5;332,5;332,5;332,5;332,5;332,5;353,47;353,47;374,9;332,5;332,5;332,5;335,06;335,06;;368,12
01-04-2013;354,28;345,88;345,88;345,88;345,88;345,88;345,88;345,88;357,2;357,2;383,72;345,88;345,88;345,88;347,12;355,23;;355,08
02-04-2013;421,21;419,7;419,7;419,7;419,7;419,7;419,7;419,7;420,99;420,99;438,66;419,7;419,7;419,7;415,83;417,48;;365,15
03-04-2013;373,01;370,61;370,61;370,61;370,61;370,61;370,61;370,61;375;374,94;400,39;385,29;385,29;349,75;389,79;391,66;;377,26
04-04-2013;375,64;373,37;373,37;373,37;373,37;373,37;373,37;373,37;378,48;378,26;401,16;413,67;413,67;347,88;393,51;393,98;;374,42
05-04-2013;391,44;394,88;394,88;394,88;394,88;394,88;394,88;394,88;402,55;402,48;419,25;511,11;511,11;342,71;378,24;378,24;;357,34
06-04-2013;368,38;363,83;363,83;363,83;363,83;363,83;363,83;363,83;372,91;371,77;380,98;402,71;402,71;337,1;378,05;378,05;;354,81
07-04-2013;361,64;342,82;342,82;342,82;342,82;342,82;325,88;325,88;373,5;373,5;382,26;346,95;346,95;342,82;346,41;346,41;;398,37
08-04-2013;435,91;430,91;430,91;430,91;430,91;430,91;430,9;430,91;438,18;438,18;438,26;430,91;430,91;430,91;430,91;430,91;;453,39
09-04-2013;398,14;395,65;395,65;395,65;395,65;395,65;392,87;395,65;399,15;399,15;399,15;395,65;395,65;395,65;421,15;421,15;;435,41
10-04-2013;401,25;399,42;399,42;399,42;399,42;399,42;373,61;381,53;403,8;403,72;403,8;399,42;399,42;399,42;422,35;422,35;;450,52
11-04-2013;406,63;402,24;402,24;402,24;402,24;402,24;400,43;402,24;409,09;409,09;409,09;402,24;402,24;402,24;416,44;469,68;;447,7
12-04-2013;400,17;394,34;394,34;394,34;394,34;394,34;394,34;394,34;403,61;403,61;403,61;394,34;394,34;394,34;411,19;491,58;;530,67
13-04-2013;384,25;374,52;374,52;374,52;374,52;374,52;374,52;374,52;389,32;389,32;389,32;374,52;374,52;374,52;371,92;371,92;;382,84
14-04-2013;352,47;333,86;333,86;333,86;333,86;333,86;264,91;333,86;382;382;382,05;342,08;342,08;336,52;338,64;338,64;;359,89
15-04-2013;374,24;347,68;347,68;347,68;347,68;347,68;325,49;328,71;396,09;396,09;396,09;370,36;370,36;370,36;346,33;346,33;;340,09
16-04-2013;377,97;372,98;372,98;372,98;372,98;372,98;366,37;372,98;383,16;383,16;383,16;416,23;416,23;361,09;372,98;372,99;;341,42
17-04-2013;340,73;325,97;325,97;325,97;325,97;325,97;320,33;325,97;356,85;356,85;356,85;355,44;355,44;332,49;325,36;360,04;;347,03
18-04-2013;295,14;276,71;276,71;276,71;276,71;278,22;203,36;251,19;316,66;316,66;317,93;303,39;303,39;301,37;275,13;288,67;;288,67
19-04-2013;279,71;239,49;239,49;239,49;239,49;239,49;230,69;233,59;308,39;308,39;309,33;281,27;281,27;281,27;227,31;227,31;;251,17
20-04-2013;293,92;277,18;277,18;277,18;277,18;277,18;271,3;277,18;314,74;314,74;314,74;285,43;285,43;285,43;251,91;251,91;;249,54
21-04-2013;292,16;275,72;275,72;275,72;275,72;275,72;275,72;275,72;319,16;319,16;319,16;283,07;283,07;283,07;246,83;246,83;;243,09
22-04-2013;319,11;297,3;297,3;297,3;323,14;297,3;324,15;324,15;332,65;332,65;332,65;302,83;302,83;302,83;275,91;275,91;;288,17
23-04-2013;285;228,89;228,89;228,89;228,89;228,89;225,61;225,61;329,71;329,71;329,71;282,32;282,32;282,32;225,06;225,06;;185,3
24-04-2013;306,26;272,14;272,14;272,14;272,62;272,14;273,06;273,06;333,83;333,83;333,83;285,13;285,13;285,13;245,44;245,44;;364,03
25-04-2013;312,97;279,84;279,84;279,84;279,84;279,84;281,07;281,07;333,4;333,4;333,4;297,42;297,42;297,42;255,38;255,38;;223,89
26-04-2013;307,85;299,11;299,11;299,11;299,11;299,11;277,88;277,88;321,81;321,81;325,57;304,6;304,6;304,6;260,44;260,44;;263,13
27-04-2013;288,94;270;270;270;270;270;270;270;304,12;304,12;304,12;278,27;278,27;278,27;243,76;243,76;;255,55
28-04-2013;273,14;250,36;250,36;250,36;250,36;250,36;250,4;250,36;295,46;295,46;295,46;274,62;274,62;274,62;232,9;232,9;;310,22
29-04-2013;295,53;279,86;279,86;279,86;279,86;279,86;267,55;278,55;321,45;311,16;321,45;293,29;293,29;293,29;264,04;264,04;;294,02
30-04-2013;301,13;278,64;278,64;278,64;278,64;278,64;279,73;279,91;322,33;319,74;324,89;293,08;293,08;293,08;263,84;263,84;;229,45
01-05-2013;295,34;267,43;267,43;267,43;267,43;267,43;268,9;268,9;327,13;327,13;327,13;283,17;283,17;283,17;225,01;225,01;;332,71
02-05-2013;317,44;300,05;300,05;300,05;301,15;300,05;302,1;302,1;332,48;332,48;332,48;304,18;304,18;304,18;284,95;284,95;;249,4
03-05-2013;310,64;287,24;287,24;287,24;287,35;287,24;288,1;288,1;327,99;327,99;327,99;296,8;296,8;295,59;264,45;264,45;;238,75
04-05-2013;291,18;263,35;263,35;263,35;263,35;263,35;257,49;263,35;317,6;317,6;320,35;293,29;293,29;292,07;261,53;261,53;;223,45
05-05-2013;292,93;270,6;270,6;270,6;270,6;270,6;270,6;270,6;315,85;315,85;315,85;288,37;288,37;288,37;268,81;268,81;;212,08
06-05-2013;332,87;330,94;330,94;330,94;330,94;330,94;330,94;330,94;335,45;335,45;335,45;331,1;331,1;331,1;294,96;294,96;;364,05
07-05-2013;312,31;308,09;308,09;308,09;308,13;308,09;308,13;308,13;320,67;320,67;320,67;310,88;310,88;310,88;305,18;359,61;;380,4
08-05-2013;292,06;287,66;287,66;287,66;287,66;287,66;286,35;286,34;306,06;306,06;306,06;293,12;293,12;293,12;287,6;379,73;;264,9
09-05-2013;270,1;266,27;266,27;266,27;266,27;266,27;266,27;266,27;271,87;271,87;271,87;266,27;266,27;267,27;254,83;254,83;;233,01
10-05-2013;269,28;270,28;270,28;270,28;270,28;270,28;263,1;270,28;270,28;270,28;270,28;272,03;272,03;272,03;247,98;247,98;;325,47
11-05-2013;252,91;250,42;250,42;250,42;250,42;250,42;250,42;250,42;250,42;250,42;250,42;271,14;271,14;273,97;250,42;250,42;;320,03
12-05-2013;257,5;257,04;257,04;257,04;257,04;257,04;257,04;257,04;257,04;257,04;257,04;260,35;260,35;264,56;257,04;257,37;;353,38
13-05-2013;298,62;298,45;298,45;298,45;298,45;309,22;296,62;298,45;298,45;298,17;298,45;298,45;298,45;298,45;309,22;348,48;;382,68
14-05-2013;300,22;303,31;303,31;303,31;303,31;303,31;297,47;303,31;298,46;297,63;298,46;303,31;303,31;303,31;303,31;361,22;;360,41
15-05-2013;292,31;292,63;292,63;292,63;292,63;297,14;285,61;292,63;292,31;292,31;292,31;292,63;292,63;292,63;297,14;334,55;;394,36
16-05-2013;274,12;273,16;273,16;273,16;273,16;273,16;274,39;274,52;276,46;276,46;276,46;273,16;273,16;273,16;273,16;295,52;;322,55
17-05-2013;258,25;258,68;258,68;258,68;258,68;259,06;258,63;274,95;257,42;257,42;257,42;258,68;258,68;258,68;263,33;284,14;;321,17
18-05-2013;229,26;230,97;230,97;230,97;230,97;230,97;219,98;219,98;230,97;230,97;230,97;230,97;230,97;230,97;238,11;270,11;;185,25
19-05-2013;229,04;229,04;229,04;229,04;229,04;229,04;229,04;229,04;229,04;229,04;229,04;229,04;229,04;229,04;229,04;229,04;;334,07
20-05-2013;248,19;257,14;257,14;257,14;257,14;274,08;235,51;257,14;225,69;225,69;225,69;257,14;257,14;257,14;285,86;315,99;;398,87
21-05-2013;281,53;306,07;306,07;306,07;306,07;306,07;306,36;307,24;263,31;263,31;263,31;284,47;284,47;276,37;308,93;379,44;;389,91
22-05-2013;253,1;260,71;260,71;260,71;260,71;260,71;246,48;262,18;246,85;246,85;246,85;260,71;260,71;252,06;265,64;346,48;;388,15
23-05-2013;285,59;296,19;296,19;296,19;296,19;296,19;332,54;338,79;274,22;274,22;274,22;284,68;284,68;284,68;300,45;304,32;;350,39
24-05-2013;288,04;322,48;322,48;322,48;343,97;322,48;350,28;350,28;274,61;274,61;274,61;297,33;297,33;297,33;321,87;324,86;;331,64
25-05-2013;250,52;249,58;249,58;249,58;249,58;262,41;249,58;249,58;249,58;249,58;249,58;249,58;249,58;249,58;262,72;277;;331,95
26-05-2013;216,72;211,92;211,92;211,92;211,92;243,77;185,63;208,39;210,38;210,38;210,38;211,92;211,92;211,92;298,09;300,67;;331,28
27-05-2013;307,85;337,27;337,27;337,27;337,27;337,4;350,41;350,41;286,8;286,8;278,15;317,62;317,62;298,56;337,4;339,52;;342,66
28-05-2013;291,3;300,27;300,27;300,27;300,27;300,27;308,8;309,21;288,7;288,7;286,04;294,9;294,9;286,61;300,81;340,42;;366,17
29-05-2013;291,89;298,4;298,4;298,4;298,4;298,4;298,4;324;285,26;285,26;283,91;297,55;297,55;297,52;302,97;305,8;;335,97
30-05-2013;281,7;284,61;284,61;284,61;284,61;288,55;284,61;284,61;280,34;280,34;278,9;284,14;284,14;284;299,54;305,15;;327,36
31-05-2013;272,62;270,72;270,72;270,72;270,72;303,75;270,72;270,72;266,64;266,64;266,64;270,72;270,72;269,59;305,32;305,96;;317,16
01-06-2013;254,09;250,48;250,48;250,48;250,48;293,92;250,48;252,95;250,47;250,47;250,47;250,48;250,48;250,48;295,63;295,63;;203,07
02-06-2013;232,6;232,6;232,6;232,6;232,6;232,7;232,6;232,6;232,6;232,6;232,6;232,6;232,6;232,6;236,65;236,65;;413,98
03-06-2013;281,68;275,55;275,55;275,55;275,55;348,8;268,66;275,55;268,66;268,66;268,66;275,55;275,55;275,55;349,73;;354,5;354,5
04-06-2013;294,58;293,52;293,52;293,52;293,52;366,06;293,52;293,52;280,58;280,58;280,58;293,52;293,52;293,52;366,96;;369,79;369,79
05-06-2013;302,9;309,91;309,91;309,91;309,91;374,65;310,41;309,91;285,76;285,76;285,76;309,91;309,91;309,91;374,2;;374,74;374,74
06-06-2013;306,43;308,16;308,16;308,16;308,16;430,93;466,55;308,16;289,84;289,84;289,84;308,16;308,16;304,02;430,93;;435,31;435,31
07-06-2013;303,58;303,08;303,08;303,08;304,28;396,89;3321,05;304,28;293,54;293,54;293,54;303,08;303,08;300,52;396,6;;413,31;413,31
08-06-2013;270,98;270,27;270,27;270,27;270,27;273,95;270,27;270,27;270,27;270,27;270,27;270,27;270,27;270,27;281,21;;281,21;281,21
09-06-2013;268,98;268,98;268,98;268,98;268,98;268,98;268,98;268,98;268,98;268,98;268,98;268,98;268,98;268,98;301,65;;301,65;301,65
10-06-2013;304,67;309,77;309,77;309,77;309,77;422,5;309,77;309,77;295,02;295,02;295,02;309,77;309,77;309,77;395,35;;395,35;395,35
11-06-2013;312,19;328,78;328,78;328,78;328,78;373,01;328,78;328,78;299,11;299,11;299,11;328,78;328,78;328,78;451,47;;451,47;451,47
12-06-2013;301,83;324,15;324,15;324,15;324,15;324,15;324,15;324,15;295,04;295,04;295,04;324,15;324,15;324,15;417,1;;417,1;417,1
13-06-2013;277,79;284,99;284,99;284,99;284,99;309,87;274,67;284,99;270,55;270,55;270,55;284,99;284,99;284,99;422,01;;422,01;422,01
14-06-2013;259,51;277,82;277,82;277,82;277,82;289,42;242,37;264,17;241,83;241,83;241,83;277,82;277,82;277,82;353,59;;353,59;353,59
15-06-2013;245,62;245,43;245,43;245,43;245,43;245,43;245,43;245,43;245,43;246,12;245,43;245,43;245,43;245,43;416,48;;416,48;416,48
16-06-2013;216,1;215,55;215,55;215,55;215,55;215,55;214,56;215,49;215,55;215,55;215,55;218,6;218,6;218,6;444,16;;444,16;444,16
17-06-2013;273,3;295,27;295,27;295,27;295,27;303;293,18;295,27;261,56;261,77;261,56;295,27;295,27;295,27;422,85;;422,85;422,85
18-06-2013;274,51;290,17;290,17;290,17;290,17;290,17;289,62;290,17;259,83;259,83;259,83;290,17;290,17;290,17;481,58;;481,58;481,58
19-06-2013;262,32;278,73;278,73;278,73;278,73;278,73;275,12;278,73;251,78;252,05;251,78;278,73;278,73;278,73;372,71;;384,36;384,36
20-06-2013;262,5;289,32;289,32;289,32;289,32;289,32;289,73;289,97;239,28;239,45;239,28;289,32;289,32;289,32;402,31;;422,93;422,93
21-06-2013;227,88;228,38;228,38;228,38;228,38;228,38;228,05;228,16;230,23;230,23;230,23;228,41;228,41;228,41;374,45;;432,96;432,96
22-06-2013;137,98;135,54;135,54;135,54;135,54;135,54;135,54;135,54;139,76;139,76;139,76;135,54;135,54;135,54;430,18;;430,22;430,22
23-06-2013;152,95;153,18;153,18;153,18;153,18;153,18;152,91;153,18;152,98;152,98;152,98;153,18;153,18;153,18;447,66;;447,66;447,66
24-06-2013;250,29;270,8;270,8;270,8;270,8;270,8;270,8;270,8;232,91;233,27;232,91;270,8;270,8;261,37;515,29;;515,29;515,29
25-06-2013;268,98;278,55;278,55;278,55;282,29;400,22;282,62;283,13;251,2;251,2;251,2;278,11;278,11;270,62;829,17;;829,17;829,17
26-06-2013;245,17;246,76;246,76;246,76;248,72;294,96;232,45;243,2;236,69;236,69;236,69;246,76;246,76;246,76;516,29;;516,29;516,29
27-06-2013;260,13;255,38;255,38;255,38;294,55;312,72;255,37;298,32;252,41;252,52;252,07;255,38;255,38;255,38;564,47;;575,47;575,47
28-06-2013;260,9;258,64;258,64;258,64;266,87;342,05;257,48;266,92;254,6;254,6;254,6;258,64;258,64;258,64;376,69;;501,08;501,08
29-06-2013;232,16;231,22;231,22;231,22;231,22;268,25;228,76;231,22;231,22;231,22;231,2;231,22;231,22;231,22;364,43;;365,26;365,26
30-06-2013;204,93;205,84;205,84;205,84;205,84;209,72;193,89;193,89;205,57;205,57;205,57;205,84;205,84;205,84;372,42;;372,42;372,42
01-07-2013;257,66;251,34;251,34;251,34;255,13;337,15;252,32;257,83;250,18;250,18;250,11;251,34;251,34;251,34;342,83;;359,28;359,28
02-07-2013;263,33;258,14;258,14;258,14;290,86;309,63;294,46;294,46;257,52;257,52;257,52;258,14;258,14;258,14;312,51;;365,06;365,06
03-07-2013;255,33;246,19;246,19;246,19;265,58;311,84;244,95;265,58;245,43;245,57;245,43;246,19;246,19;246,19;325,34;;377,42;377,42
04-07-2013;261,77;252,99;252,99;252,99;297,38;325,86;319,87;319,87;251,75;251,88;251,75;252,99;252,99;252,99;326,32;;343,41;343,41
05-07-2013;251,5;244,98;244,98;244,98;264,72;333,09;267,2;267,2;244,93;244,93;244,82;244,98;244,98;244,98;338,97;;357,78;357,78
06-07-2013;231,29;230,83;230,83;230,83;230,83;233,08;230,6;230,83;231,46;231,86;231,12;230,83;230,83;231,01;341,79;;388,1;388,1
07-07-2013;230,8;230,51;230,51;230,51;230,51;230,51;230,51;230,51;231,96;231,96;231,96;230,51;230,51;230,51;300,51;;301,58;301,58
08-07-2013;257,46;259,81;259,81;259,81;264,56;283,09;265,8;265,8;250,67;250,67;250,67;259,81;259,81;259,81;291,6;;336,42;336,42
09-07-2013;253,1;251,77;251,77;251,77;254,43;310,04;260,52;260,52;250,9;250,9;250,62;251,77;251,77;251,77;333,26;;382,39;382,39
10-07-2013;244,2;242,12;242,12;242,12;242,12;306,17;242,12;242,12;240,95;240,95;240,95;242,12;242,12;242,12;317,78;;332,6;332,6
11-07-2013;259,58;262,16;262,16;262,16;262,38;293,02;283,34;283,34;249,32;249,32;249,29;262,16;262,16;262,16;302,47;;350,84;350,84
12-07-2013;266,26;268,54;268,54;268,54;274,72;298,24;285,32;285,32;258,34;258,34;256,17;268,54;268,54;268,54;300,26;;350,02;350,02
13-07-2013;256,15;255,93;255,93;255,93;255,93;264,47;255,93;255,93;255,93;255,93;254,05;255,93;255,93;255,93;515,46;;515,46;515,46
14-07-2013;243,24;242,64;242,64;242,64;242,64;254,36;217,58;224,02;244,63;244,63;244,63;242,64;242,64;242,64;379,01;;379,01;379,01
15-07-2013;265,38;265,18;265,18;265,18;265,18;307,39;264,77;265,04;261,59;261,59;259,96;265,18;265,18;265,18;320,73;;443,12;443,12
16-07-2013;274,57;278,43;278,43;278,43;282,83;302,79;282,83;282,83;268,2;268,2;258,83;278,43;278,43;278,43;370,68;;417,77;417,77
17-07-2013;284,54;302,7;302,7;302,7;322,22;305,98;322,63;322,73;269,6;269,6;266,03;289,75;289,75;289,75;313,99;;385,86;385,86
18-07-2013;282,94;297,29;297,29;297,29;298,24;303,31;301,25;301,87;274,62;274,62;271,02;289,72;289,72;289,72;307,21;;368,67;368,67
19-07-2013;271,27;272,33;272,33;272,33;272,33;284,4;271,34;272,08;269;269;267,7;272,26;272,26;272,26;285,89;;362,6;362,6
20-07-2013;269,88;271,26;271,26;271,26;271,26;271,26;270,21;271,26;270,86;270,86;261,46;271,26;271,26;271,26;284,7;;344,22;344,22
21-07-2013;267,7;268,51;268,51;268,51;268,51;268,51;268,04;268,51;267,44;267,44;267,44;268,51;268,51;268,51;289,45;;290,86;290,86
22-07-2013;285,84;293,4;293,4;293,4;295,88;293,4;319,1;319,34;277,16;277,16;276,25;293,4;293,4;293,4;293,4;;340,69;340,69
23-07-2013;284,17;297,33;297,33;297,33;297,33;297,33;322,58;323,04;271,49;271,49;271,49;294,26;294,26;294,26;297,33;;371,23;371,23
24-07-2013;290,6;308,42;308,42;308,42;309,64;308,42;394,23;394,79;272,21;272,21;272,21;298,58;298,58;291,09;308,42;;388,58;388,58
25-07-2013;288,92;299,05;299,05;299,05;304,29;299,05;396,1;396,47;275,52;275,52;272,95;298,13;298,13;291,17;299,05;;483,66;483,66
26-07-2013;287,77;296,54;296,54;296,54;296,54;296,54;325,33;325,89;276,5;276,5;276,25;294,5;294,5;294,5;296,54;;505,33;505,33
27-07-2013;275,91;281,13;281,13;281,13;281,13;283,66;279,84;281,02;273,3;273,3;273,3;281,13;281,13;281,13;285,67;;411,84;411,84
28-07-2013;260,86;261,24;261,24;261,24;261,24;261,24;261,09;261,24;260,74;260,74;260,74;261,24;261,24;261,24;270,06;;281,11;281,11
29-07-2013;286,57;299,89;299,89;299,89;318,59;300,68;362,11;362,61;271,5;271,5;271,5;290,6;290,6;290,6;300,68;;474,37;474,37
30-07-2013;278,94;288,81;288,81;288,81;288,81;289,95;285,84;289,39;271,64;271,64;271,64;285,53;285,53;280,8;289,95;;494,87;494,87
31-07-2013;278,23;285,99;285,99;285,99;285,99;291,05;279,21;285,99;271,75;271,75;271,75;285,99;285,99;285,99;291,05;;515,18;515,18
01-08-2013;285,23;300,65;300,65;300,65;302,69;300,9;317,55;319,01;275,52;275,52;273,69;286,55;286,55;286,55;300,9;;577,5;577,5
02-08-2013;275,92;291,55;291,55;291,55;291,55;309,25;287,56;292,66;267,03;267,03;267,03;281,66;281,66;281,66;308,94;;450,3;450,3
03-08-2013;263,24;264,69;264,69;264,69;264,69;296,34;252,64;255,61;259,4;259,4;254,06;263,96;263,96;263,96;298,72;;398,68;398,68
04-08-2013;268,7;274,73;274,73;274,73;274,73;297,06;276,27;280,81;264,39;264,39;259,58;272,42;272,42;272,42;347,05;;349,94;349,94
05-08-2013;275,92;291,55;291,55;291,55;291,55;309,25;287,56;292,66;267,03;267,03;267,03;281,66;281,66;281,66;308,94;;450,3;450,3
06-08-2013;279,27;287,59;287,59;287,59;287,59;338,63;286,88;295,93;266,12;266,12;265,83;283,76;283,76;283,76;338,63;;409,18;409,18
07-08-2013;283,67;316,09;316,09;316,09;316,09;398,39;317,17;322,04;261,31;261,31;261,28;286,43;286,43;286,43;398,39;;453,52;453,52
08-08-2013;286,23;319,23;319,23;319,23;319,23;449,18;314,39;319,6;260,17;260,17;260,17;292,3;292,3;292,3;449,18;;452,26;452,26
09-08-2013;283,5;306,63;306,63;306,63;306,63;398,02;318,89;319,77;260,3;260,3;260,3;288,19;288,19;288,19;398,02;;401,71;401,71
10-08-2013;269,42;285,48;285,48;285,48;285,48;285,48;267,94;285,48;255,41;255,41;255,27;281,38;281,38;281,38;285,48;;423,59;423,59
11-08-2013;261,83;275,15;275,15;275,15;275,15;275,15;253,91;275,15;252,43;252,43;252,43;275,15;275,15;275,15;275,89;;434,83;434,83
12-08-2013;282,22;309,12;309,12;309,12;309,12;372,65;306,63;309,12;262,74;262,74;262,74;280,35;280,35;280,35;305,07;;406,17;406,17
13-08-2013;275,74;304,61;304,61;304,61;304,61;324,45;293,04;304,61;262,04;262,04;262,04;272,3;272,3;272,3;322,51;;429,35;429,35
14-08-2013;270,46;301,81;301,81;301,81;301,81;372,38;261,78;303,11;251,94;251,94;251,94;269,99;269,99;269,99;373,78;;407,98;407,98
15-08-2013;274,8;305;305;305;305;343,25;290,45;309,71;258,17;258,17;258,17;277,59;277,59;277,59;343,25;;393,74;393,74
16-08-2013;271,37;282,28;282,28;282,28;282,28;312,32;279,58;282,63;263,32;263,32;263,32;273,65;273,65;273,65;315,71;;423,36;423,36
17-08-2013;262,14;271,5;271,5;271,5;271,5;273,2;271,5;271,5;254,77;254,77;254,39;268,4;268,4;268,4;286,79;;319,05;319,05
18-08-2013;234,06;238,25;238,25;238,25;238,25;245,96;232,67;238,25;227,61;227,61;227,38;237,24;237,24;237,24;268,59;;293,64;293,64
19-08-2013;290,03;316,48;316,48;316,48;316,48;346,5;442,25;442,25;256,85;256,85;256,85;282,98;282,98;282,98;345,17;;371,76;371,76
20-08-2013;289,34;342,61;342,61;342,61;342,61;367,12;344,13;344,13;255,94;255,94;255,94;282,19;282,19;282,19;366,64;;391,72;391,72
21-08-2013;291,25;342,53;342,53;342,53;342,53;366,59;364,61;367,65;250,51;251,01;250,51;282,41;282,41;282,41;366,59;;416;416
22-08-2013;296,83;423,94;423,94;423,94;423,94;423,94;424,14;424,14;246,3;246,3;246,3;284,55;284,55;284,55;406,95;;422,64;422,64
23-08-2013;293,66;376,42;376,42;376,42;376,42;376,42;375,94;376,7;256,1;256,1;256,1;287,13;287,13;287,13;373,69;;403,72;403,72
24-08-2013;274,75;297,59;297,59;297,59;297,59;297,71;273,74;297,59;259,39;259,39;259,39;289,77;289,77;289,77;298,42;;351,56;351,56
25-08-2013;270,82;307,32;307,32;307,32;307,32;307,32;246,28;307,32;250,57;250,57;250,57;289,46;289,46;289,46;307,32;;328,12;328,12
26-08-2013;302,89;396,25;396,25;396,25;396,25;396,35;394,89;398,5;260,44;260,44;260,44;323,22;323,22;323,22;395,19;;406,12;406,12
27-08-2013;306,17;410,37;410,37;410,37;410,37;410,37;411;412,16;264,47;264,47;264,47;314,61;314,61;298,93;401,22;;411,84;411,84
28-08-2013;308,16;423,74;423,74;423,74;423,74;423,74;427,77;427,77;268,18;268,18;268,18;321,68;321,68;299,4;413,51;;418,67;418,67
29-08-2013;305,69;413,59;413,59;413,59;413,59;413,59;434,89;435,52;269,96;269,96;269,96;343,51;343,51;317,67;406,89;;419,32;419,32
30-08-2013;296,77;363,55;363,55;363,55;363,55;363,55;369,89;371,64;267,85;267,85;267,85;337,46;337,46;337,46;362,75;;419,93;419,93
31-08-2013;275,4;298,83;298,83;298,83;298,83;298,91;262,04;298,83;263,12;263,12;263,12;298,83;298,83;298,83;371,48;;372,72;372,72
01-09-2013;263,02;276,29;276,29;276,29;276,29;276,29;233,58;276,29;256,86;256,86;256,86;276,29;276,29;276,29;276,29;;416,76;416,76
02-09-2013;280,39;312,41;312,41;312,41;312,41;371,22;242,94;311,69;262,26;262,26;262,26;312,41;312,41;312,41;371,22;;448,11;448,11
03-09-2013;305,41;406,08;406,08;408,35;408,35;419,39;394,34;422,21;272,35;272,35;272,35;404,69;404,69;404,69;413,67;;451,37;451,37
04-09-2013;311,74;389,69;389,69;415,56;415,56;415,56;426;430,96;278,35;278,35;278,35;385,16;385,16;382,9;410,27;;481,78;481,78
05-09-2013;310,93;351,73;351,73;364,47;364,47;364,47;373,44;385,24;285,34;285,34;285,34;351,73;351,73;349,57;360,21;;504,36;504,36
06-09-2013;297,24;326,33;326,33;327,64;327,64;327,64;306,34;329,83;283,98;283,83;283,98;326,65;326,65;325,89;326,4;;457,02;457,02
07-09-2013;293,36;322,75;322,75;322,75;322,75;322,75;299,61;322,62;281,3;281,3;281,3;322,75;322,75;322,22;322,75;;493,3;493,3
08-09-2013;288,11;314,59;314,59;314,59;314,59;314,59;275,19;288,25;277,63;274,25;277,63;314,59;314,59;314,59;314,59;;527,56;527,56
09-09-2013;325,21;394,08;394,08;394,08;394,08;414,87;391,31;403,84;287,41;285,94;287,41;366,74;366,74;366,74;397,3;;430,68;430,68
10-09-2013;334,31;410,23;410,23;410,23;410,23;477,48;388,58;410,23;288,78;287,66;288,78;380,21;380,21;380,21;468,51;;553,35;553,35
11-09-2013;331,37;411,16;411,16;411,16;411,16;539,79;391,54;411,16;286,14;284,7;286,14;392,21;392,21;391,77;537,91;;616,91;616,91
12-09-2013;330,18;441,07;441,07;441,07;441,07;483,71;426,16;441,07;284,05;284,05;284,05;382,92;382,92;382,92;481,34;;557,13;557,13
13-09-2013;332,26;407,24;407,24;409,07;409,07;461,17;393,05;411,93;285,02;285,02;285,02;401,29;401,29;399,86;459,12;;492,04;492,04
14-09-2013;300,06;343,9;343,9;343,9;343,9;405,6;298,28;343,9;282,73;282,73;282,73;343,9;343,9;343,9;405,6;;405,6;405,6
15-09-2013;286,9;309,09;309,09;309,09;309,09;309,09;278,02;309,09;279,49;279,49;279,49;309,09;309,09;309,09;314,24;;328,93;328,93
16-09-2013;296,91;346,77;346,77;350,98;350,98;359,7;324,54;324,54;276,42;276,42;276,42;345,88;345,88;304,79;332,85;;439,96;439,96
17-09-2013;300,36;362,04;362,04;363,15;363,15;364,32;288,92;363,15;275,77;275,77;275,77;359,77;359,77;345,6;298,71;;567,48;567,48
18-09-2013;309,15;399,34;399,34;399,34;399,34;399,34;392,38;404,58;279,59;279,59;279,59;357,77;357,77;319,49;297,83;;494,19;494,19
19-09-2013;312,51;393,67;393,67;415,43;415,43;415,43;416,11;416,11;280,91;280,91;280,91;361,29;361,29;340,63;415,43;;580,09;580,09
20-09-2013;308,63;395,82;395,82;431,36;431,36;431,36;436,85;436,85;275,25;275,25;275,25;330,69;330,69;311,04;429,89;;478,07;478,07
21-09-2013;283,64;302,58;302,58;302,58;302,58;302,58;309,53;309,53;274,35;274,35;274,35;302,58;302,58;302,58;393,7;;393,7;393,7
22-09-2013;265,78;259,84;259,84;259,84;259,84;259,84;226,33;259,84;268,83;268,83;268,83;261,4;261,4;261,4;347,88;;357,12;357,12
23-09-2013;288,18;295,04;295,04;323,43;324,77;363,42;321,84;326,47;276,67;276,67;276,67;300,51;300,51;276,27;350,97;;382,42;382,42
24-09-2013;323,82;391,86;391,86;407,79;410,93;408,99;418,17;419,05;286,91;286,91;286,91;380,75;380,75;312,64;400,13;;483,53;483,53
25-09-2013;337,4;395,69;395,69;434,11;437,2;422,58;445,69;445,69;296,45;296,45;296,45;375,41;375,41;313,45;415,32;;544,38;544,38
26-09-2013;329,54;374,7;374,7;424,06;439,05;423,03;447,02;447,02;305,2;300,7;305,2;368,26;368,26;313,94;423,03;;559,63;559,63
27-09-2013;320,77;346,49;346,49;361,09;392,98;364,5;424,55;424,55;310,11;301,62;310,11;346,49;346,49;343,78;364,5;;636,26;636,26
28-09-2013;306,92;314,75;314,75;314,75;315,78;321;316,03;317,05;305,12;302,68;305,12;315,28;315,28;315,28;321;;539,75;539,75
29-09-2013;300,63;312,35;312,35;312,35;312,35;312,35;253,03;312,35;303,5;299,15;303,5;312,35;312,35;312,35;312,35;;521,32;521,32
30-09-2013;321,39;365,17;365,17;374,14;374,14;372,84;309,65;374,61;307,62;300,91;307,62;365,17;365,17;365,17;372,84;;701,44;701,44
01-10-2013;335,4;395,62;395,62;417,53;422,08;417,53;387,62;422,53;309,37;301,95;309,37;393,13;393,13;393,13;417,53;;1024,42;1024,42
02-10-2013;323,06;359,11;359,11;375,19;375,88;375,19;303,71;375,88;308,3;302,75;308,3;359,11;359,11;359,11;375,19;;573,61;573,61
03-10-2013;309,25;330,05;330,05;330,05;330,05;337,68;197,38;312,4;308,27;302,99;308,27;330,05;330,05;330,05;337,68;;584,81;584,81
04-10-2013;306,82;322,75;322,75;322,75;322,75;337,03;183,89;290,49;307,82;304,08;307,82;322,75;322,75;322,75;337,03;;641,03;641,03
05-10-2013;298,8;293,55;293,55;293,55;293,55;293,55;292,01;298,72;300,36;300,36;300,36;303,37;303,37;303,37;299,18;;544,94;544,94
06-10-2013;302,32;305,85;305,85;305,85;305,85;305,85;308,29;310,06;301,08;301,02;301,08;305,85;305,85;305,85;330,71;;521,99;521,99
07-10-2013;315,5;343,27;343,27;343,27;343,27;344,12;325,35;439,44;302,55;302,55;302,55;343,33;343,33;343,33;344,12;;554,68;554,68
08-10-2013;317,7;355,83;355,83;355,83;355,83;355,83;310,69;422,28;301,88;301,88;301,88;355,83;355,83;355,83;355,83;;569,9;569,9
09-10-2013;306,8;330,14;330,14;330,14;330,14;330,14;324,18;365,01;295,9;295,9;295,9;330,14;330,14;330,14;330,14;;509,3;509,3
10-10-2013;313,52;343,65;343,65;344,54;346,37;344,54;334,68;432,37;298,77;298,77;298,77;343,65;343,65;343,65;344,54;;423,12;423,12
11-10-2013;310,03;329,29;329,29;336,74;336,74;338,52;291,07;336,25;303,71;303,71;303,71;329,29;329,29;329,29;338,52;;550,41;550,41
12-10-2013;303,82;315,73;315,73;315,73;315,73;315,73;251,6;296,23;303,38;303,38;303,38;315,73;315,73;315,73;315,73;;432,87;432,87
13-10-2013;304,75;319,89;319,89;319,89;319,89;319,89;258,67;306,17;301,97;301,97;301,97;319,89;319,89;319,89;319,89;;449,85;449,85
14-10-2013;335,1;368,27;368,27;402,42;402,42;430,64;359,37;402,42;309,95;309,95;309,95;368,27;368,27;368,27;430,64;;511,39;511,39
15-10-2013;342,3;366,1;366,1;423,83;423,83;429,8;393,31;424,39;313,24;313,24;313,24;366,1;366,1;366,1;429,09;;707,78;707,78
16-10-2013;350,15;393,42;393,42;461,43;461,43;762,39;439,51;461,43;312,27;312,27;312,27;393,42;393,42;393,42;762,39;;880,13;880,13
17-10-2013;333,65;392,61;392,61;392,84;392,84;543,25;308,4;392,84;310,6;307,3;310,6;392,61;392,61;392,61;540,17;;609,59;609,59
18-10-2013;331,6;371,3;371,3;371,67;371,67;457,33;282,62;321,17;312,63;310,93;312,63;371,3;371,3;371,3;457,23;;556,1;556,1
19-10-2013;320,98;363,93;363,93;363,93;363,93;363,93;308,39;363,93;309,21;308,39;309,21;363,93;363,93;363,93;371,7;;534,87;534,87
20-10-2013;318,07;357,33;357,33;357,33;357,33;357,33;313,14;357,33;309,48;307,56;309,48;357,33;357,33;357,33;387,1;;389,8;389,8
21-10-2013;356,86;402,97;402,97;406,18;406,18;406,18;385,8;400,87;314,94;312,6;314,94;404;404;402,97;405,9;;480,24;480,24
22-10-2013;323,43;356,01;356,01;356,01;356,01;356,01;286,28;343,85;310,08;304,07;308,7;363,33;363,33;356,01;356,01;;496,78;496,78
23-10-2013;307,09;340,28;340,28;340,28;340,28;341,04;259,82;298,39;301,35;298,37;298,67;340,29;340,29;340,29;341,04;;412,67;412,67
24-10-2013;303,79;326,52;326,52;326,52;326,52;346,51;283,91;301,18;291,54;291,19;291,19;329,47;329,47;329,47;346,51;;397,81;397,81
25-10-2013;306,48;328,23;328,23;336,43;336,43;345,9;319,51;336,6;287,72;287,08;287,72;328,23;328,23;328,23;346,46;;420,36;420,36
26-10-2013;276,46;282,81;282,81;282,81;282,81;282,81;229,12;258,68;275,66;272,88;275,66;282,81;282,81;282,81;322,74;;376,46;376,46
27-10-2013;278,65;297,73;297,73;297,73;297,73;297,73;97,31;241,12;275,26;269,8;275,26;297,73;297,73;297,73;344,3;;370,15;370,15
28-10-2013;279,36;278,84;278,84;278,84;278,84;408,56;225,68;230,27;274,1;273,37;274,1;284,86;284,86;284,46;444,83;;462,14;462,14
29-10-2013;282,54;282,21;282,21;282,21;282,21;341,77;233,54;241,55;280,08;278,78;280,08;288,38;288,38;288,38;341,77;;399,32;399,32
30-10-2013;280,31;281,25;281,25;281,25;281,25;340,34;271,6;279,44;274,09;271,67;274,09;286,69;286,69;286,69;345,07;;392,12;392,12
31-10-2013;278,89;281,81;281,81;281,81;281,81;346,31;272,19;279,56;276,25;269,7;276,25;283,71;283,71;283,38;355,46;;388,03;388,03
01-11-2013;279,93;290,49;290,49;290,49;290,49;307,99;261,79;274;276,71;270,54;276,71;290,49;290,49;290,49;307,99;;334,96;334,96
02-11-2013;275,17;283,72;283,72;283,72;283,72;283,72;278,02;285,67;271,49;269,65;271,49;283,72;283,72;283,72;328,95;;330,63;330,63
03-11-2013;265,04;276,04;276,04;276,04;276,04;276,04;81,91;267,08;272,24;258,98;272,24;276,27;276,27;276,04;327,7;;327,7;327,7
04-11-2013;278,9;282,89;282,89;282,89;282,89;282,89;224,78;269,29;277,94;271,75;277,94;294,15;294,15;293,34;283,32;;316,68;316,68
05-11-2013;291,86;303,57;303,57;303,57;304,17;306,51;272,75;319,62;285,19;280,26;285,19;309,34;309,34;303,57;306,51;;339,01;339,01
06-11-2013;299,95;317,67;317,67;317,67;322,9;320,12;314,43;322,9;284,79;284,34;284,79;319,04;319,04;317,67;454,58;;472,37;472,37
07-11-2013;297,87;310,89;310,89;310,89;312,07;313,42;300,43;311,78;290,77;286,39;290,77;313,15;313,15;310,89;405,3;;446,91;446,91
08-11-2013;296,81;307,03;307,03;307,03;341,74;307,19;305,5;341,97;289,31;286,41;289,31;312,79;312,79;310,97;344,99;;454,58;454,58
09-11-2013;287,75;289,19;289,19;289,19;289,19;289,19;282,07;284,87;287,55;287,31;287,55;295,17;295,17;289,19;337,96;;341,18;341,18
10-11-2013;284,88;265,33;265,33;265,33;265,67;265,33;265,13;265,46;287,78;287,78;287,78;299,63;299,63;284,36;329,16;;334,34;334,34
11-11-2013;312,9;323,1;323,1;323,1;332,17;332,37;332,79;340,7;301,59;301,53;301,59;325,07;325,07;323,1;408,61;;408,89;408,89
12-11-2013;299,36;305,09;305,09;305,09;307,41;310,57;286,18;290,39;295,34;295,34;295,34;305,34;305,34;305,34;304,16;;472,57;472,57
13-11-2013;302,21;303,77;303,77;303,77;303,77;317,7;298,09;298,79;299,94;299,88;299,94;303,87;303,87;303,77;370,31;;379,09;379,09
14-11-2013;312,82;318,68;318,68;318,68;330,81;330,86;316,76;325,71;303,66;303,66;303,66;318,68;318,68;318,68;335,57;;411,39;411,39
15-11-2013;302,92;301,39;301,39;301,39;320,02;316,86;352,92;353,89;298,63;298,63;298,63;301,39;301,39;301,39;336,55;;391,91;391,91
16-11-2013;271,07;271,04;271,04;271,04;271,04;272,25;270,36;270,68;271,21;271,21;271,21;271,04;271,04;271,04;284,12;;298,27;298,27
17-11-2013;275,75;273,17;273,17;273,17;286,81;273,17;276,01;286,81;278,18;278,18;278,18;273,17;273,17;273,17;323,45;;323,95;323,95
18-11-2013;309,98;319,18;319,18;319,18;367,88;331,95;359,62;369,75;294,86;294,86;294,86;319,18;319,18;319,18;380,15;;380,15;380,15
19-11-2013;317,78;315,69;315,69;315,69;425,35;326,32;321,37;425,5;307,63;307,63;307,63;315,69;315,69;315,69;340,09;;448,34;448,34
20-11-2013;336,41;333,83;333,83;333,83;415,09;350,76;332,31;415,09;318,65;318,65;318,65;333,83;333,83;333,83;361,12;;554,99;554,99
21-11-2013;337,7;331,69;331,69;331,69;444,7;339,95;324,25;449,99;329,76;329,67;329,76;331,69;331,69;331,69;353,36;;558,69;558,69
22-11-2013;338,31;331,98;331,98;331,98;406,68;342,67;336,32;407,84;324,66;324,42;324,66;331,98;331,98;331,98;419,95;;546,47;546,47
23-11-2013;303,98;303,46;303,46;303,46;359,1;303,46;283,77;363,78;302,93;302,91;302,93;303,46;303,46;303,46;365,78;;365,78;365,78
24-11-2013;288,24;288,14;288,14;288,14;288,14;288,14;258,95;258,95;290,32;290,32;290,32;288,14;288,14;288,14;315,05;;315,05;315,05
25-11-2013;338,08;328,6;328,6;358,01;363,12;364,13;357,95;363,37;330,89;330,86;330,89;328,6;328,6;328,6;394,55;;394,55;394,55
26-11-2013;344,66;326,97;326,97;384,25;428,18;386,41;387,11;429,08;317,91;317,91;317,91;326,97;326,97;326,97;382,42;;384,85;384,85
27-11-2013;296,85;296,55;296,55;296,55;296,55;310,49;288,99;290,72;297,6;297,09;297,6;296,55;296,55;296,55;335;;335;335
28-11-2013;283,58;276,08;276,08;276,08;276,08;277,99;257,23;268,53;289,74;282,21;289,74;276,08;276,08;276,08;289,21;;289,24;289,24
29-11-2013;304,56;317,07;317,07;317,07;342,75;331,17;283,18;342,75;295,43;290,35;295,43;317,07;317,07;317,07;345,65;;345,65;345,65
30-11-2013;299,35;303,87;303,87;303,87;325,01;303,87;258,75;325,55;293,96;293,96;293,96;303,87;303,87;303,87;342,4;;342,4;342,4
01-12-2013;279,51;281,55;281,55;281,55;281,55;281,55;198,19;257,17;281,49;281,46;281,49;281,55;281,55;281,55;296,18;;296,18;296,18
02-12-2013;348,9;345,14;345,14;371,27;413,39;414,5;389,57;418,33;303,14;303,14;302,47;332,11;332,11;332,11;402,39;;402,39;402,39
03-12-2013;302,35;303,11;303,11;303,11;308,85;315,43;306;308,85;299,56;299,56;298,29;303,11;303,11;303,11;317,45;;317,45;317,45
04-12-2013;293,55;292,76;292,76;292,76;293,33;310,3;290,44;292,16;293,23;292,89;293,23;292,76;292,76;292,76;336,07;;336,07;336,07
05-12-2013;287,17;287,53;287,53;287,53;287,53;312,68;260,05;275,19;288,61;284,79;288,61;287,53;287,53;287,53;323,81;;323,81;323,81
06-12-2013;287,36;289,85;289,85;289,85;289,85;294,25;224,16;246,18;290,21;284,92;290,21;289,85;289,85;289,85;317,56;;317,56;317,56
07-12-2013;299,44;304,88;304,88;304,88;304,88;320,49;252,35;274,06;293,4;293,4;293,4;304,67;304,67;304,67;320,49;;320,49;320,49
08-12-2013;300,23;316,25;316,25;316,25;316,25;342,99;257,99;272,17;294,28;292,85;294,28;316,25;316,25;316,25;343,24;;343,24;343,24
09-12-2013;363,36;362,55;362,55;394,34;397,52;496,38;366,4;385,5;355,76;312,42;312,01;362,04;362,04;362,04;496,38;;496,69;496,69
10-12-2013;324,8;323,78;323,78;324,16;349,25;413,64;328,61;363,53;308,48;308,48;308,48;322,1;322,1;322,1;413,64;;416,71;416,71
11-12-2013;306,23;301,16;301,16;303,46;356,9;318,71;401,13;468,38;301,19;301,19;301,19;301,16;301,16;301,16;356,73;;401,44;401,44
12-12-2013;287,33;286,17;286,17;286,17;290,4;311,65;286,17;290,4;286,17;285,82;284,28;286,17;286,17;286,17;328,07;;328,54;328,54
13-12-2013;290,55;289,73;289,73;289,73;402,58;312,34;293,01;499,65;282,09;282,02;282,09;289,52;289,52;289,52;350,97;;409,86;409,86
14-12-2013;277,14;275,56;275,56;275,56;276,49;314,93;260,83;276,49;275,01;275,01;275,01;275,56;275,56;275,56;362,91;;386,07;386,07
15-12-2013;261,62;262,38;262,38;262,38;262,38;271,34;199,71;262,38;262,38;262,38;262,38;262,38;262,38;262,38;277,17;;288,09;288,09
16-12-2013;267,58;264,5;264,5;264,5;264,5;352,59;249,31;264,5;264,5;264,5;264,5;264,5;264,5;264,5;352,59;;353,27;353,27
17-12-2013;277,59;281,53;281,53;296,99;339,27;319,75;346,2;349,08;266,36;266,36;266,36;272,49;272,49;272,49;324,8;;337,34;337,34
18-12-2013;283,75;296,84;296,84;297,99;305,2;324,03;297,99;305,2;276,68;276,68;271,22;274,97;274,97;274,86;325,39;;329,79;329,79
19-12-2013;261,45;260,47;260,47;260,47;260,47;300,53;253,4;254,47;259,65;259,65;259,65;260,47;260,47;260,47;300,53;;305,85;305,85
20-12-2013;261,88;260,86;260,86;260,86;260,86;299,93;260,86;260,86;260,86;260,86;260,73;260,86;260,86;260,86;337,3;;337,3;337,3
21-12-2013;243,94;244,39;244,39;244,39;244,39;251,21;194,25;209,45;245,13;245,13;245,13;244,39;244,39;244,39;285,84;;285,84;285,84
22-12-2013;233,37;237,84;237,84;237,84;237,84;242,18;30,67;105,13;240,63;240,63;240,63;237,84;237,84;237,84;262,71;;262,71;262,71
23-12-2013;247,96;246,3;246,3;246,3;246,3;252,26;184,11;197,95;254,15;254,15;254,15;246,3;246,3;246,3;252,36;;252,36;252,36
24-12-2013;230,56;231,76;231,76;231,76;231,76;231,76;-52,94;-30,57;243,89;243,89;243,89;231,76;231,76;231,76;232,85;;232,85;232,85
25-12-2013;238,09;223,88;223,88;223,88;223,88;223,88;175,89;175,89;247,48;247,48;247,48;223,88;223,88;223,88;223,88;;223,9;223,9
26-12-2013;248,12;243,09;243,09;243,09;243,09;243,09;243,09;243,7;251,24;251,24;251,24;243,09;243,09;243,09;243,09;;243,09;243,09
27-12-2013;248,67;249,37;249,37;249,37;249,37;254,59;196,48;211,35;250,84;250,84;250,84;249,37;249,37;249,37;254,59;;254,59;254,59
28-12-2013;235,58;220,86;220,86;220,86;220,86;221,36;165,51;176,34;247,11;247,11;247,11;220,86;220,86;220,86;221,36;;221,36;221,36
29-12-2013;241;233,82;233,82;233,82;233,82;233,82;213,98;214,08;246,66;246,66;246,66;233,82;233,82;233,82;233,84;;233,84;233,84
30-12-2013;249,17;244,05;244,05;244,05;244,05;264,81;230,24;231,12;252,28;252,28;252,28;244,05;244,05;244,05;264,81;;264,81;264,81
31-12-2013;243,72;240,8;240,8;240,8;240,8;254,19;209,98;210,23;247,2;247,2;247,2;240,8;240,8;240,8;254,19;;258,17;258,17
